"scen","seed","model","secs","conv"
"noRdev",1,"eq_dome",0.136452674865723,TRUE
"noRdev",1,"dyn_dome",1.81643509864807,TRUE
"noRdev",1,"dyn_dome_Rdev",2.09531664848328,TRUE
"noRdev",1,"dyn_dome_Rrw",7.91918921470642,TRUE
"noRdev",2,"eq_dome",0.218719244003296,TRUE
"noRdev",2,"dyn_dome",2.15165281295776,TRUE
"noRdev",2,"dyn_dome_Rdev",3.7993860244751,TRUE
"noRdev",2,"dyn_dome_Rrw",14.1300084590912,TRUE
"noRdev",3,"eq_dome",0.663116455078125,FALSE
"noRdev",3,"dyn_dome",1.44678211212158,TRUE
"noRdev",3,"dyn_dome_Rdev",15.1928625106812,FALSE
"noRdev",3,"dyn_dome_Rrw",11.4761822223663,TRUE
"noRdev",4,"eq_dome",0.233066320419312,TRUE
"noRdev",4,"dyn_dome",1.48248839378357,TRUE
"noRdev",4,"dyn_dome_Rdev",15.9914352893829,FALSE
"noRdev",4,"dyn_dome_Rrw",15.8448741436005,FALSE
"Rdev",1,"eq_dome",0.464250564575195,TRUE
"Rdev",1,"dyn_dome",2.19503426551819,TRUE
"Rdev",1,"dyn_dome_Rdev",2.56945204734802,TRUE
"Rdev",1,"dyn_dome_Rrw",13.476211309433,TRUE
"Rdev",2,"eq_dome",0.663159847259521,FALSE
"Rdev",2,"dyn_dome",2.6597101688385,TRUE
"Rdev",2,"dyn_dome_Rdev",5.2723560333252,TRUE
"Rdev",2,"dyn_dome_Rrw",15.543557882309,FALSE
"Rdev",3,"eq_dome",0.460566282272339,TRUE
"Rdev",3,"dyn_dome",1.47178506851196,TRUE
"Rdev",3,"dyn_dome_Rdev",10.0148775577545,TRUE
"Rdev",3,"dyn_dome_Rrw",15.6401331424713,FALSE
"Rdev",4,"eq_dome",0.157835483551025,TRUE
"Rdev",4,"dyn_dome",1.46873044967651,TRUE
"Rdev",4,"dyn_dome_Rdev",7.47151207923889,TRUE
"Rdev",4,"dyn_dome_Rrw",5.12928771972656,TRUE
