"scen","seed","model","year","spr","ssb_rel","spr_true","bb0"
"noRdev",1,"eq_dome",2005,0.208137962780112,0.208137962780112,0.22808328,0.16343367
"noRdev",1,"eq_dome",2006,0.22136014740696,0.22136014740696,0.21414815,0.16242854
"noRdev",1,"eq_dome",2007,0.223356825644041,0.223356825644041,0.23680222,0.16278243
"noRdev",1,"eq_dome",2008,0.22508921196375,0.22508921196375,0.24797881,0.16720517
"noRdev",1,"eq_dome",2009,0.23644191006388,0.23644191006388,0.25778926,0.17249347
"noRdev",1,"eq_dome",2010,0.251517440602565,0.251517440602565,0.28177483,0.17950638
"noRdev",1,"eq_dome",2011,0.237334160931512,0.237334160931512,0.33496774,0.19091096
"noRdev",1,"eq_dome",2012,0.261038933331475,0.261038933331475,0.29829279,0.20028732
"noRdev",1,"eq_dome",2013,0.291695077648474,0.291695077648474,0.35189144,0.20869598
"noRdev",1,"eq_dome",2014,0.291914354072742,0.291914354072742,0.40350539,0.22246498
"noRdev",1,"eq_dome",2015,0.328531026421113,0.328531026421113,0.45387759,0.23941139
"noRdev",1,"eq_dome",2016,0.359191523932786,0.359191523932786,0.47942926,0.25759649
"noRdev",1,"eq_dome",2017,0.364247396606387,0.364247396606387,0.47144774,0.27431102
"noRdev",1,"eq_dome",2018,0.380210851691605,0.380210851691605,0.46092269,0.28806206
"noRdev",1,"eq_dome",2019,0.403818024672635,0.403818024672635,0.41734691,0.29661792
"noRdev",1,"eq_dome",2020,0.415170179059736,0.415170179059736,0.41694991,0.3014852
"noRdev",1,"eq_dome",2021,0.415533277305658,0.415533277305658,0.4048884,0.30521656
"noRdev",1,"eq_dome",2022,0.437773207453887,0.437773207453887,0.39045107,0.30702833
"noRdev",1,"eq_dome",2023,0.433003096110059,0.433003096110059,0.42528657,0.31128714
"noRdev",1,"eq_dome",2024,0.394588151980797,0.394588151980797,0.42897478,0.31877448
"noRdev",1,"dyn_dome",2005,0.227969495261052,0.215369405397998,0.22808328,0.16343367
"noRdev",1,"dyn_dome",2006,0.232735303460228,0.221570712545736,0.21414815,0.16242854
"noRdev",1,"dyn_dome",2007,0.236322503244721,0.22697368347612,0.23680222,0.16278243
"noRdev",1,"dyn_dome",2008,0.245237133091062,0.23259824728601,0.24797881,0.16720517
"noRdev",1,"dyn_dome",2009,0.261781954374435,0.240453356557012,0.25778926,0.17249347
"noRdev",1,"dyn_dome",2010,0.277108133442275,0.25059856810538,0.28177483,0.17950638
"noRdev",1,"dyn_dome",2011,0.30677128333635,0.263723068021873,0.33496774,0.19091096
"noRdev",1,"dyn_dome",2012,0.345829064544676,0.281177601379059,0.29829279,0.20028732
"noRdev",1,"dyn_dome",2013,0.368629972079826,0.300742678835927,0.35189144,0.20869598
"noRdev",1,"dyn_dome",2014,0.39178019739996,0.320222691668999,0.40350539,0.22246498
"noRdev",1,"dyn_dome",2015,0.413540282538445,0.339505781816178,0.45387759,0.23941139
"noRdev",1,"dyn_dome",2016,0.420994474162694,0.357350689690289,0.47942926,0.25759649
"noRdev",1,"dyn_dome",2017,0.421536943340788,0.372258859623694,0.47144774,0.27431102
"noRdev",1,"dyn_dome",2018,0.418753341847892,0.383805207312143,0.46092269,0.28806206
"noRdev",1,"dyn_dome",2019,0.418363962888162,0.392477787790708,0.41734691,0.29661792
"noRdev",1,"dyn_dome",2020,0.413530452660801,0.398559627441,0.41694991,0.3014852
"noRdev",1,"dyn_dome",2021,0.395777724214738,0.400589585814822,0.4048884,0.30521656
"noRdev",1,"dyn_dome",2022,0.360272076163599,0.395139308055448,0.39045107,0.30702833
"noRdev",1,"dyn_dome",2023,0.323438941154818,0.37994611250509,0.42528657,0.31128714
"noRdev",1,"dyn_dome",2024,0.311156930723692,0.360643772686378,0.42897478,0.31877448
"noRdev",1,"dyn_dome_Rdev",2005,0.215173380649642,0.219945710219788,0.22808328,0.16343367
"noRdev",1,"dyn_dome_Rdev",2006,0.224777573526047,0.218594314773346,0.21414815,0.16242854
"noRdev",1,"dyn_dome_Rdev",2007,0.237389143363998,0.223449023398838,0.23680222,0.16278243
"noRdev",1,"dyn_dome_Rdev",2008,0.250776361490365,0.231123271773266,0.24797881,0.16720517
"noRdev",1,"dyn_dome_Rdev",2009,0.265233514171009,0.240156652718917,0.25778926,0.17249347
"noRdev",1,"dyn_dome_Rdev",2010,0.276228231540114,0.25087055357032,0.28177483,0.17950638
"noRdev",1,"dyn_dome_Rdev",2011,0.30290151383505,0.262819137951136,0.33496774,0.19091096
"noRdev",1,"dyn_dome_Rdev",2012,0.341770271383339,0.278094320025016,0.29829279,0.20028732
"noRdev",1,"dyn_dome_Rdev",2013,0.368162226557749,0.296594752682426,0.35189144,0.20869598
"noRdev",1,"dyn_dome_Rdev",2014,0.397938254874498,0.316499217281236,0.40350539,0.22246498
"noRdev",1,"dyn_dome_Rdev",2015,0.425071038407702,0.337777618375096,0.45387759,0.23941139
"noRdev",1,"dyn_dome_Rdev",2016,0.432053347473539,0.358065322719406,0.47942926,0.25759649
"noRdev",1,"dyn_dome_Rdev",2017,0.423170473881777,0.374913785326605,0.47144774,0.27431102
"noRdev",1,"dyn_dome_Rdev",2018,0.403788766641337,0.385297843502954,0.46092269,0.28806206
"noRdev",1,"dyn_dome_Rdev",2019,0.388749753429933,0.383677489714167,0.41734691,0.29661792
"noRdev",1,"dyn_dome_Rdev",2020,0.384108313110269,0.376010380807975,0.41694991,0.3014852
"noRdev",1,"dyn_dome_Rdev",2021,0.386622454947222,0.374409179608845,0.4048884,0.30521656
"noRdev",1,"dyn_dome_Rdev",2022,0.381144609515528,0.377936916477931,0.39045107,0.30702833
"noRdev",1,"dyn_dome_Rdev",2023,0.366577488123157,0.380317771128709,0.42528657,0.31128714
"noRdev",1,"dyn_dome_Rdev",2024,0.360685239630799,0.380130353311782,0.42897478,0.31877448
"noRdev",1,"dyn_dome_Rrw",2005,0.215279019799329,0.190011891858301,0.22808328,0.16343367
"noRdev",1,"dyn_dome_Rrw",2006,0.223539177206544,0.187611412718085,0.21414815,0.16242854
"noRdev",1,"dyn_dome_Rrw",2007,0.233012109594889,0.188266215091598,0.23680222,0.16278243
"noRdev",1,"dyn_dome_Rrw",2008,0.245373675963658,0.191444120139337,0.24797881,0.16720517
"noRdev",1,"dyn_dome_Rrw",2009,0.260983520998539,0.196569859416885,0.25778926,0.17249347
"noRdev",1,"dyn_dome_Rrw",2010,0.27240011986323,0.202466814180793,0.28177483,0.17950638
"noRdev",1,"dyn_dome_Rrw",2011,0.29817110950368,0.209584365098621,0.33496774,0.19091096
"noRdev",1,"dyn_dome_Rrw",2012,0.335856577282964,0.219684074556922,0.29829279,0.20028732
"noRdev",1,"dyn_dome_Rrw",2013,0.360865748207248,0.231763832411451,0.35189144,0.20869598
"noRdev",1,"dyn_dome_Rrw",2014,0.388912162170255,0.244652677448557,0.40350539,0.22246498
"noRdev",1,"dyn_dome_Rrw",2015,0.414162325868345,0.258398473853967,0.45387759,0.23941139
"noRdev",1,"dyn_dome_Rrw",2016,0.419394827584808,0.271293006016908,0.47942926,0.25759649
"noRdev",1,"dyn_dome_Rrw",2017,0.409910623578556,0.280427347262789,0.47144774,0.27431102
"noRdev",1,"dyn_dome_Rrw",2018,0.392621025734896,0.28333513539337,0.46092269,0.28806206
"noRdev",1,"dyn_dome_Rrw",2019,0.382312175889318,0.280113523782196,0.41734691,0.29661792
"noRdev",1,"dyn_dome_Rrw",2020,0.380776834894664,0.274427559975819,0.41694991,0.3014852
"noRdev",1,"dyn_dome_Rrw",2021,0.380910853828205,0.270230435549955,0.4048884,0.30521656
"noRdev",1,"dyn_dome_Rrw",2022,0.369808057804124,0.267904725546226,0.39045107,0.30702833
"noRdev",1,"dyn_dome_Rrw",2023,0.351751001271104,0.26530413958247,0.42528657,0.31128714
"noRdev",1,"dyn_dome_Rrw",2024,0.345518465642237,0.262279515504377,0.42897478,0.31877448
"noRdev",2,"eq_dome",2005,0.196646923228502,0.196646923228502,0.21285894,0.15239123
"noRdev",2,"eq_dome",2006,0.199661690573516,0.199661690573516,0.23604605,0.15793393
"noRdev",2,"eq_dome",2007,0.218884828400862,0.218884828400862,0.23596056,0.16403674
"noRdev",2,"eq_dome",2008,0.226361484502505,0.226361484502505,0.24865033,0.16884035
"noRdev",2,"eq_dome",2009,0.243885950707966,0.243885950707966,0.26729519,0.17448434
"noRdev",2,"eq_dome",2010,0.234619113507127,0.234619113507127,0.33148415,0.18476131
"noRdev",2,"eq_dome",2011,0.242309112565367,0.242309112565367,0.30485756,0.19495497
"noRdev",2,"eq_dome",2012,0.262474650085722,0.262474650085722,0.33104047,0.20271851
"noRdev",2,"eq_dome",2013,0.29739062690117,0.29739062690117,0.39584523,0.21501319
"noRdev",2,"eq_dome",2014,0.287668758064916,0.287668758064916,0.42608287,0.23090088
"noRdev",2,"eq_dome",2015,0.321071464262342,0.321071464262342,0.41757238,0.24554003
"noRdev",2,"eq_dome",2016,0.345988613115862,0.345988613115862,0.48749898,0.26126397
"noRdev",2,"eq_dome",2017,0.385195900302062,0.385195900302062,0.41575589,0.27454825
"noRdev",2,"eq_dome",2018,0.377240083298792,0.377240083298792,0.44865378,0.28450275
"noRdev",2,"eq_dome",2019,0.430165428148097,0.430165428148097,0.46438235,0.29632818
"noRdev",2,"eq_dome",2020,0.414945289710198,0.414945289710198,0.43395043,0.30593361
"noRdev",2,"eq_dome",2021,0.446349785535298,0.446349785535298,0.45636468,0.31443548
"noRdev",2,"eq_dome",2022,0.430174774353004,0.430174774353004,0.44913101,0.32332665
"noRdev",2,"eq_dome",2023,0.432463276121088,0.432463276121088,0.46208344,0.33200891
"noRdev",2,"eq_dome",2024,0.405912517919994,0.405912517919994,0.45418353,0.34027135
"noRdev",2,"dyn_dome",2005,0.216672408773007,0.197672278463384,0.21285894,0.15239123
"noRdev",2,"dyn_dome",2006,0.247678189055999,0.210933364035613,0.23604605,0.15793393
"noRdev",2,"dyn_dome",2007,0.262186453193738,0.226779486587059,0.23596056,0.16403674
"noRdev",2,"dyn_dome",2008,0.254459408787054,0.238443155016315,0.24865033,0.16884035
"noRdev",2,"dyn_dome",2009,0.245956955042105,0.243422801772766,0.26729519,0.17448434
"noRdev",2,"dyn_dome",2010,0.265010567935572,0.248306429265168,0.33148415,0.18476131
"noRdev",2,"dyn_dome",2011,0.310109393919413,0.26056478105327,0.30485756,0.19495497
"noRdev",2,"dyn_dome",2012,0.346832841793288,0.279155630864868,0.33104047,0.20271851
"noRdev",2,"dyn_dome",2013,0.367596978119195,0.299162678321648,0.39584523,0.21501319
"noRdev",2,"dyn_dome",2014,0.394474388340841,0.319116816275008,0.42608287,0.23090088
"noRdev",2,"dyn_dome",2015,0.416740706893206,0.339104623413941,0.41757238,0.24554003
"noRdev",2,"dyn_dome",2016,0.423293796854105,0.357488659617141,0.48749898,0.26126397
"noRdev",2,"dyn_dome",2017,0.428716611499718,0.373220300911201,0.41575589,0.27454825
"noRdev",2,"dyn_dome",2018,0.430174453441523,0.386312967330728,0.44865378,0.28450275
"noRdev",2,"dyn_dome",2019,0.420019041463796,0.395742290938415,0.46438235,0.29632818
"noRdev",2,"dyn_dome",2020,0.404744773161805,0.400376033496713,0.43395043,0.30593361
"noRdev",2,"dyn_dome",2021,0.387558378869298,0.400056851719657,0.45636468,0.31443548
"noRdev",2,"dyn_dome",2022,0.371172737757852,0.395339572054277,0.44913101,0.32332665
"noRdev",2,"dyn_dome",2023,0.361682584650853,0.388059493091572,0.46208344,0.33200891
"noRdev",2,"dyn_dome",2024,0.359609537285621,0.380816120621217,0.45418353,0.34027135
"noRdev",2,"dyn_dome_Rdev",2005,0.225049448801541,0.216845983207181,0.21285894,0.15239123
"noRdev",2,"dyn_dome_Rdev",2006,0.245387952315217,0.232504434728194,0.23604605,0.15793393
"noRdev",2,"dyn_dome_Rdev",2007,0.249403600353625,0.241683807425936,0.23596056,0.16403674
"noRdev",2,"dyn_dome_Rdev",2008,0.235930522061457,0.241261319152054,0.24865033,0.16884035
"noRdev",2,"dyn_dome_Rdev",2009,0.228032876766133,0.233750835349839,0.26729519,0.17448434
"noRdev",2,"dyn_dome_Rdev",2010,0.253330595440227,0.229155537446009,0.33148415,0.18476131
"noRdev",2,"dyn_dome_Rdev",2011,0.311209897305652,0.23710886145857,0.30485756,0.19495497
"noRdev",2,"dyn_dome_Rdev",2012,0.367356546257011,0.258836374438109,0.33104047,0.20271851
"noRdev",2,"dyn_dome_Rdev",2013,0.406745315655129,0.287272914712208,0.39584523,0.21501319
"noRdev",2,"dyn_dome_Rdev",2014,0.440083320896192,0.317577289415599,0.42608287,0.23090088
"noRdev",2,"dyn_dome_Rdev",2015,0.455864378278164,0.34830201886666,0.41757238,0.24554003
"noRdev",2,"dyn_dome_Rdev",2016,0.448387883787513,0.374076058358094,0.48749898,0.26126397
"noRdev",2,"dyn_dome_Rdev",2017,0.436937619354006,0.393684365889362,0.41575589,0.27454825
"noRdev",2,"dyn_dome_Rdev",2018,0.424058147822215,0.40703758636358,0.44865378,0.28450275
"noRdev",2,"dyn_dome_Rdev",2019,0.403848705733639,0.41214245663755,0.46438235,0.29632818
"noRdev",2,"dyn_dome_Rdev",2020,0.382490240131255,0.409057964710523,0.43395043,0.30593361
"noRdev",2,"dyn_dome_Rdev",2021,0.362557720412051,0.398848564521361,0.45636468,0.31443548
"noRdev",2,"dyn_dome_Rdev",2022,0.346597733465472,0.381571119039478,0.44913101,0.32332665
"noRdev",2,"dyn_dome_Rdev",2023,0.339642799246662,0.364507876133814,0.46208344,0.33200891
"noRdev",2,"dyn_dome_Rdev",2024,0.339241267361849,0.35476634706043,0.45418353,0.34027135
"noRdev",2,"dyn_dome_Rrw",2005,0.218268714087737,0.205806376815247,0.21285894,0.15239123
"noRdev",2,"dyn_dome_Rrw",2006,0.241223860299749,0.215548748717645,0.23604605,0.15793393
"noRdev",2,"dyn_dome_Rrw",2007,0.247287880273064,0.222073768788256,0.23596056,0.16403674
"noRdev",2,"dyn_dome_Rrw",2008,0.234367255412647,0.2197981874063,0.24865033,0.16884035
"noRdev",2,"dyn_dome_Rrw",2009,0.225173320734439,0.209533618898903,0.26729519,0.17448434
"noRdev",2,"dyn_dome_Rrw",2010,0.2487848139124,0.202283857202828,0.33148415,0.18476131
"noRdev",2,"dyn_dome_Rrw",2011,0.304465001277678,0.206880072513584,0.30485756,0.19495497
"noRdev",2,"dyn_dome_Rrw",2012,0.356645715311105,0.221877216565306,0.33104047,0.20271851
"noRdev",2,"dyn_dome_Rrw",2013,0.391808859662486,0.241903310426071,0.39584523,0.21501319
"noRdev",2,"dyn_dome_Rrw",2014,0.423641277124515,0.263655620356297,0.42608287,0.23090088
"noRdev",2,"dyn_dome_Rrw",2015,0.440062188251188,0.284807940422933,0.41757238,0.24554003
"noRdev",2,"dyn_dome_Rrw",2016,0.433716642892421,0.302270777149704,0.48749898,0.26126397
"noRdev",2,"dyn_dome_Rrw",2017,0.423273212737272,0.314232176224179,0.41575589,0.27454825
"noRdev",2,"dyn_dome_Rrw",2018,0.410726941632791,0.320379016963383,0.44865378,0.28450275
"noRdev",2,"dyn_dome_Rrw",2019,0.390638782672326,0.320015422081687,0.46438235,0.29632818
"noRdev",2,"dyn_dome_Rrw",2020,0.370285050892828,0.312885019098799,0.43395043,0.30593361
"noRdev",2,"dyn_dome_Rrw",2021,0.352345725849919,0.300129329086868,0.45636468,0.31443548
"noRdev",2,"dyn_dome_Rrw",2022,0.338329111447846,0.283977094977123,0.44913101,0.32332665
"noRdev",2,"dyn_dome_Rrw",2023,0.332313630330349,0.26800840385035,0.46208344,0.33200891
"noRdev",2,"dyn_dome_Rrw",2024,0.331926872886658,0.255289037496959,0.45418353,0.34027135
"noRdev",3,"eq_dome",2005,0.227968527852599,0.227968527852599,0.2274287,0.15903023
"noRdev",3,"eq_dome",2006,0.238470368637677,0.238470368637677,0.22856152,0.16309627
"noRdev",3,"eq_dome",2007,0.235233100526231,0.235233100526231,0.24448746,0.16703148
"noRdev",3,"eq_dome",2008,0.257521380477945,0.257521380477945,0.24852074,0.17097988
"noRdev",3,"eq_dome",2009,0.249245972003206,0.249245972003206,0.25871463,0.17443321
"noRdev",3,"eq_dome",2010,0.276156111812886,0.276156111812886,0.29003438,0.18056714
"noRdev",3,"eq_dome",2011,0.28866761780101,0.28866761780101,0.29232726,0.18793778
"noRdev",3,"eq_dome",2012,0.333603163981042,0.333603163981042,0.36199305,0.19887183
"noRdev",3,"eq_dome",2013,0.352881576634862,0.352881576634862,0.38047995,0.21377266
"noRdev",3,"eq_dome",2014,0.397357075047401,0.397357075047401,0.43240263,0.22992427
"noRdev",3,"eq_dome",2015,0.455286403382793,0.455286403382793,0.47920444,0.24839311
"noRdev",3,"eq_dome",2016,0.47802517249543,0.47802517249543,0.42303345,0.26346759
"noRdev",3,"eq_dome",2017,0.551713646639571,0.551713646639571,0.42093392,0.27336904
"noRdev",3,"eq_dome",2018,0.57342958993797,0.57342958993797,0.39927566,0.28012823
"noRdev",3,"eq_dome",2019,0.563180149510864,0.563180149510864,0.43790841,0.2875489
"noRdev",3,"eq_dome",2020,0.680785147386993,0.680785147386993,0.42332952,0.29612624
"noRdev",3,"eq_dome",2021,0.68245254529226,0.68245254529226,0.42234248,0.30321971
"noRdev",3,"eq_dome",2022,0.691783723033746,0.691783723033746,0.47445606,0.31347213
"noRdev",3,"eq_dome",2023,0.713674304004065,0.713674304004065,0.43016685,0.32321138
"noRdev",3,"eq_dome",2024,0.801039151080551,0.801039151080551,0.46996722,0.33198699
"noRdev",3,"dyn_dome",2005,0.2294750503491,0.215074482796461,0.2274287,0.15903023
"noRdev",3,"dyn_dome",2006,0.234558024491305,0.222023688473257,0.22856152,0.16309627
"noRdev",3,"dyn_dome",2007,0.241357432001234,0.228628522998085,0.24448746,0.16703148
"noRdev",3,"dyn_dome",2008,0.244631035431362,0.234539286622288,0.24852074,0.17097988
"noRdev",3,"dyn_dome",2009,0.253509825844678,0.240405230031839,0.25871463,0.17443321
"noRdev",3,"dyn_dome",2010,0.278404901899762,0.249599072899132,0.29003438,0.18056714
"noRdev",3,"dyn_dome",2011,0.304088852750712,0.263041168712437,0.29232726,0.18793778
"noRdev",3,"dyn_dome",2012,0.327767271002354,0.278806168695788,0.36199305,0.19887183
"noRdev",3,"dyn_dome",2013,0.357964660599961,0.29636985900679,0.38047995,0.21377266
"noRdev",3,"dyn_dome",2014,0.389016127389507,0.315742893432799,0.43240263,0.22992427
"noRdev",3,"dyn_dome",2015,0.408109080460375,0.335425536741537,0.47920444,0.24839311
"noRdev",3,"dyn_dome",2016,0.419902153930386,0.353719965433779,0.42303345,0.26346759
"noRdev",3,"dyn_dome",2017,0.417638978177324,0.369064012317011,0.42093392,0.27336904
"noRdev",3,"dyn_dome",2018,0.402381281859112,0.379375504176175,0.39927566,0.28012823
"noRdev",3,"dyn_dome",2019,0.394740819888344,0.384871531867514,0.43790841,0.2875489
"noRdev",3,"dyn_dome",2020,0.387053358934725,0.387068812866799,0.42332952,0.29612624
"noRdev",3,"dyn_dome",2021,0.394057044333612,0.388452779127358,0.42234248,0.30321971
"noRdev",3,"dyn_dome",2022,0.431423549856123,0.394111258512473,0.47445606,0.31347213
"noRdev",3,"dyn_dome",2023,0.469596778035023,0.405770319699217,0.43016685,0.32321138
"noRdev",3,"dyn_dome",2024,0.484586581074967,0.419880250094418,0.46996722,0.33198699
"noRdev",3,"dyn_dome_Rdev",2005,0.213769344762138,0.206443724968344,0.2274287,0.15903023
"noRdev",3,"dyn_dome_Rdev",2006,0.228485130334092,0.20713109472888,0.22856152,0.16309627
"noRdev",3,"dyn_dome_Rdev",2007,0.246239847694703,0.215276127123205,0.24448746,0.16703148
"noRdev",3,"dyn_dome_Rdev",2008,0.256311301006481,0.226504146023325,0.24852074,0.17097988
"noRdev",3,"dyn_dome_Rdev",2009,0.268563388662334,0.241258214700747,0.25871463,0.17443321
"noRdev",3,"dyn_dome_Rdev",2010,0.2944524313968,0.259792600518776,0.29003438,0.18056714
"noRdev",3,"dyn_dome_Rdev",2011,0.316560681424615,0.279781231003911,0.29232726,0.18793778
"noRdev",3,"dyn_dome_Rdev",2012,0.329778216186752,0.299821610515285,0.36199305,0.19887183
"noRdev",3,"dyn_dome_Rdev",2013,0.344485330824096,0.315251690532846,0.38047995,0.21377266
"noRdev",3,"dyn_dome_Rdev",2014,0.361002141428888,0.325265266465206,0.43240263,0.22992427
"noRdev",3,"dyn_dome_Rdev",2015,0.372808279915647,0.335988926155459,0.47920444,0.24839311
"noRdev",3,"dyn_dome_Rdev",2016,0.387870191259815,0.346670007139313,0.42303345,0.26346759
"noRdev",3,"dyn_dome_Rdev",2017,0.397026196378552,0.352906166988249,0.42093392,0.27336904
"noRdev",3,"dyn_dome_Rdev",2018,0.400638086278193,0.358335474049644,0.39927566,0.28012823
"noRdev",3,"dyn_dome_Rdev",2019,0.417750141291891,0.370350871244957,0.43790841,0.2875489
"noRdev",3,"dyn_dome_Rdev",2020,0.43045442878971,0.38887861454348,0.42332952,0.29612624
"noRdev",3,"dyn_dome_Rdev",2021,0.440511907003243,0.406908806712475,0.42234248,0.30321971
"noRdev",3,"dyn_dome_Rdev",2022,0.46244180837912,0.421671650223182,0.47445606,0.31347213
"noRdev",3,"dyn_dome_Rdev",2023,0.484088464125071,0.433658296622572,0.43016685,0.32321138
"noRdev",3,"dyn_dome_Rdev",2024,0.492658551281685,0.44352495086485,0.46996722,0.33198699
"noRdev",3,"dyn_dome_Rrw",2005,0.217811638003913,0.187753808564924,0.2274287,0.15903023
"noRdev",3,"dyn_dome_Rrw",2006,0.229628544995479,0.189400176183829,0.22856152,0.16309627
"noRdev",3,"dyn_dome_Rrw",2007,0.244819331956929,0.196259180191022,0.24448746,0.16703148
"noRdev",3,"dyn_dome_Rrw",2008,0.254969888615728,0.206704580587257,0.24852074,0.17097988
"noRdev",3,"dyn_dome_Rrw",2009,0.268082174582303,0.219654824026594,0.25871463,0.17443321
"noRdev",3,"dyn_dome_Rrw",2010,0.293802142939012,0.235989125975029,0.29003438,0.18056714
"noRdev",3,"dyn_dome_Rrw",2011,0.315614699910327,0.254524527995285,0.29232726,0.18793778
"noRdev",3,"dyn_dome_Rrw",2012,0.329651801014265,0.27184359971387,0.36199305,0.19887183
"noRdev",3,"dyn_dome_Rrw",2013,0.346091706500796,0.286170909260931,0.38047995,0.21377266
"noRdev",3,"dyn_dome_Rrw",2014,0.363992120087526,0.298057368354379,0.43240263,0.22992427
"noRdev",3,"dyn_dome_Rrw",2015,0.375321593329347,0.30809365046751,0.47920444,0.24839311
"noRdev",3,"dyn_dome_Rrw",2016,0.388970907679887,0.316427748763655,0.42303345,0.26346759
"noRdev",3,"dyn_dome_Rrw",2017,0.398326448614711,0.323498826546165,0.42093392,0.27336904
"noRdev",3,"dyn_dome_Rrw",2018,0.402529238545647,0.330741965534778,0.39927566,0.28012823
"noRdev",3,"dyn_dome_Rrw",2019,0.416784579254699,0.341319148277523,0.43790841,0.2875489
"noRdev",3,"dyn_dome_Rrw",2020,0.424739866387494,0.355549195985738,0.42332952,0.29612624
"noRdev",3,"dyn_dome_Rrw",2021,0.433456852552178,0.370104831757287,0.42234248,0.30321971
"noRdev",3,"dyn_dome_Rrw",2022,0.459119731112769,0.383613774873106,0.47445606,0.31347213
"noRdev",3,"dyn_dome_Rrw",2023,0.484820112013638,0.396085310399214,0.43016685,0.32321138
"noRdev",3,"dyn_dome_Rrw",2024,0.494994672420535,0.406531247951177,0.46996722,0.33198699
"noRdev",4,"eq_dome",2005,0.209860918845541,0.209860918845541,0.21010744,0.15700972
"noRdev",4,"eq_dome",2006,0.21064523748501,0.21064523748501,0.23586772,0.15931601
"noRdev",4,"eq_dome",2007,0.214167135544326,0.214167135544326,0.23172448,0.16294373
"noRdev",4,"eq_dome",2008,0.228586969981585,0.228586969981585,0.23492884,0.16457627
"noRdev",4,"eq_dome",2009,0.221411126769485,0.221411126769485,0.29402804,0.17174973
"noRdev",4,"eq_dome",2010,0.237387486485332,0.237387486485332,0.28004748,0.18108623
"noRdev",4,"eq_dome",2011,0.252051456776498,0.252051456776498,0.31121622,0.18929862
"noRdev",4,"eq_dome",2012,0.250537264817373,0.250537264817373,0.34932503,0.20068942
"noRdev",4,"eq_dome",2013,0.291187950353592,0.291187950353592,0.3712883,0.21366773
"noRdev",4,"eq_dome",2014,0.319318275890976,0.319318275890976,0.4392675,0.22914948
"noRdev",4,"eq_dome",2015,0.330861188325423,0.330861188325423,0.4720229,0.24729505
"noRdev",4,"eq_dome",2016,0.368871999143919,0.368871999143919,0.45012839,0.2634825
"noRdev",4,"eq_dome",2017,0.387453026625758,0.387453026625758,0.43701825,0.27575038
"noRdev",4,"eq_dome",2018,0.400735617092244,0.400735617092244,0.45358393,0.28675009
"noRdev",4,"eq_dome",2019,0.415589947470874,0.415589947470874,0.46736177,0.29837687
"noRdev",4,"eq_dome",2020,0.370366549593553,0.370366549593553,0.38325004,0.30327761
"noRdev",4,"eq_dome",2021,0.462281441472345,0.462281441472345,0.40471065,0.30429444
"noRdev",4,"eq_dome",2022,0.440003899547209,0.440003899547209,0.4079048,0.30817345
"noRdev",4,"eq_dome",2023,0.413911665847713,0.413911665847713,0.43411512,0.31463448
"noRdev",4,"eq_dome",2024,0.441032627786157,0.441032627786157,0.48453003,0.32606022
"noRdev",4,"dyn_dome",2005,0.211011840602884,0.207866942534962,0.21010744,0.15700972
"noRdev",4,"dyn_dome",2006,0.227570791362688,0.212439783219153,0.23586772,0.15931601
"noRdev",4,"dyn_dome",2007,0.233868947379654,0.219681972110656,0.23172448,0.16294373
"noRdev",4,"dyn_dome",2008,0.232817225073926,0.225234754668646,0.23492884,0.16457627
"noRdev",4,"dyn_dome",2009,0.252611720191359,0.232043345597208,0.29402804,0.17174973
"noRdev",4,"dyn_dome",2010,0.292406706008263,0.245160027099459,0.28004748,0.18108623
"noRdev",4,"dyn_dome",2011,0.329755321473423,0.263744886407148,0.31121622,0.18929862
"noRdev",4,"dyn_dome",2012,0.369532616695544,0.285233492402905,0.34932503,0.20068942
"noRdev",4,"dyn_dome",2013,0.4044258862465,0.308296963410676,0.3712883,0.21366773
"noRdev",4,"dyn_dome",2014,0.425523202829716,0.331081831496875,0.4392675,0.22914948
"noRdev",4,"dyn_dome",2015,0.444333978650743,0.352498451116979,0.4720229,0.24729505
"noRdev",4,"dyn_dome",2016,0.452459492035734,0.371921729841072,0.45012839,0.2634825
"noRdev",4,"dyn_dome",2017,0.44196209615815,0.387486135724209,0.43701825,0.27575038
"noRdev",4,"dyn_dome",2018,0.416294467652485,0.396744792411249,0.45358393,0.28675009
"noRdev",4,"dyn_dome",2019,0.39032631589005,0.398697024351554,0.46736177,0.29837687
"noRdev",4,"dyn_dome",2020,0.388153977516126,0.396937203518753,0.38325004,0.30327761
"noRdev",4,"dyn_dome",2021,0.395058489686979,0.395860543949866,0.40471065,0.30429444
"noRdev",4,"dyn_dome",2022,0.398166469593924,0.396008573491769,0.4079048,0.30817345
"noRdev",4,"dyn_dome",2023,0.410849121774346,0.397816172122398,0.43411512,0.31463448
"noRdev",4,"dyn_dome",2024,0.421115139167798,0.401622717694796,0.48453003,0.32606022
"noRdev",4,"dyn_dome_Rdev",2005,0.220594058145876,0.220017138565847,0.21010744,0.15700972
"noRdev",4,"dyn_dome_Rdev",2006,0.234032551093071,0.23210902004751,0.23586772,0.15931601
"noRdev",4,"dyn_dome_Rdev",2007,0.237888541109994,0.244600414369401,0.23172448,0.16294373
"noRdev",4,"dyn_dome_Rdev",2008,0.233492388223111,0.252535345024996,0.23492884,0.16457627
"noRdev",4,"dyn_dome_Rdev",2009,0.246409915319674,0.257665759670344,0.29402804,0.17174973
"noRdev",4,"dyn_dome_Rdev",2010,0.274765721481224,0.264427508108676,0.28004748,0.18108623
"noRdev",4,"dyn_dome_Rdev",2011,0.297787408874053,0.271820740968495,0.31121622,0.18929862
"noRdev",4,"dyn_dome_Rdev",2012,0.325877419978598,0.280346900673999,0.34932503,0.20068942
"noRdev",4,"dyn_dome_Rdev",2013,0.353868679482971,0.289853993775254,0.3712883,0.21366773
"noRdev",4,"dyn_dome_Rdev",2014,0.373044472552307,0.29819261512165,0.4392675,0.22914948
"noRdev",4,"dyn_dome_Rdev",2015,0.399024077315603,0.306575479855864,0.4720229,0.24729505
"noRdev",4,"dyn_dome_Rdev",2016,0.424677591146417,0.316860806008555,0.45012839,0.2634825
"noRdev",4,"dyn_dome_Rdev",2017,0.439512212785422,0.329569680220976,0.43701825,0.27575038
"noRdev",4,"dyn_dome_Rdev",2018,0.442161080061554,0.344066682539661,0.45358393,0.28675009
"noRdev",4,"dyn_dome_Rdev",2019,0.440411043117046,0.359926787157467,0.46736177,0.29837687
"noRdev",4,"dyn_dome_Rdev",2020,0.451078651110314,0.377515624370977,0.38325004,0.30327761
"noRdev",4,"dyn_dome_Rdev",2021,0.460226327323754,0.399697123568278,0.40471065,0.30429444
"noRdev",4,"dyn_dome_Rdev",2022,0.458371209373305,0.423215320118429,0.4079048,0.30817345
"noRdev",4,"dyn_dome_Rdev",2023,0.461411502051541,0.441412181531326,0.43411512,0.31463448
"noRdev",4,"dyn_dome_Rdev",2024,0.465666081548122,0.453264378443685,0.48453003,0.32606022
"noRdev",4,"dyn_dome_Rrw",2005,0.218649158753516,0.22721310911525,0.21010744,0.15700972
"noRdev",4,"dyn_dome_Rrw",2006,0.233280335683606,0.238037449138967,0.23586772,0.15931601
"noRdev",4,"dyn_dome_Rrw",2007,0.236661291280585,0.249138393154582,0.23172448,0.16294373
"noRdev",4,"dyn_dome_Rrw",2008,0.230810087005911,0.254443632956309,0.23492884,0.16457627
"noRdev",4,"dyn_dome_Rrw",2009,0.241972577304886,0.255570226824132,0.29402804,0.17174973
"noRdev",4,"dyn_dome_Rrw",2010,0.268459960798516,0.257921050351517,0.28004748,0.18108623
"noRdev",4,"dyn_dome_Rrw",2011,0.289078874709697,0.261246641371927,0.31121622,0.18929862
"noRdev",4,"dyn_dome_Rrw",2012,0.313824333531077,0.264381218107815,0.34932503,0.20068942
"noRdev",4,"dyn_dome_Rrw",2013,0.338448406825555,0.267698742602195,0.3712883,0.21366773
"noRdev",4,"dyn_dome_Rrw",2014,0.356142063195189,0.270533134228544,0.4392675,0.22914948
"noRdev",4,"dyn_dome_Rrw",2015,0.383788039704774,0.274063250040301,0.4720229,0.24729505
"noRdev",4,"dyn_dome_Rrw",2016,0.413335034404597,0.280471837477537,0.45012839,0.2634825
"noRdev",4,"dyn_dome_Rrw",2017,0.43389616417131,0.290242874839826,0.43701825,0.27575038
"noRdev",4,"dyn_dome_Rrw",2018,0.444500693696699,0.303013838498097,0.45358393,0.28675009
"noRdev",4,"dyn_dome_Rrw",2019,0.452152461102453,0.318779903408002,0.46736177,0.29837687
"noRdev",4,"dyn_dome_Rrw",2020,0.470632318187254,0.338579090257443,0.38325004,0.30327761
"noRdev",4,"dyn_dome_Rrw",2021,0.484677097086694,0.362462382607994,0.40471065,0.30429444
"noRdev",4,"dyn_dome_Rrw",2022,0.485978250050607,0.387207965185957,0.4079048,0.30817345
"noRdev",4,"dyn_dome_Rrw",2023,0.491053075427264,0.409262560186549,0.43411512,0.31463448
"noRdev",4,"dyn_dome_Rrw",2024,0.496754684526876,0.427070199815789,0.48453003,0.32606022
"Rdev",1,"eq_dome",2005,0.259226224404276,0.259226224404276,0.22808328,0.10744759
"Rdev",1,"eq_dome",2006,0.232762764254792,0.232762764254792,0.21414815,0.115645
"Rdev",1,"eq_dome",2007,0.205352773691834,0.205352773691834,0.23680222,0.14330816
"Rdev",1,"eq_dome",2008,0.211689429100301,0.211689429100301,0.24797881,0.17000445
"Rdev",1,"eq_dome",2009,0.208596123338192,0.208596123338192,0.25778926,0.18497643
"Rdev",1,"eq_dome",2010,0.221606760711561,0.221606760711561,0.28177483,0.20317592
"Rdev",1,"eq_dome",2011,0.235082245864783,0.235082245864783,0.33496774,0.22746764
"Rdev",1,"eq_dome",2012,0.24666694554927,0.24666694554927,0.29829279,0.24464149
"Rdev",1,"eq_dome",2013,0.274480509281414,0.274480509281414,0.35189144,0.25043282
"Rdev",1,"eq_dome",2014,0.283810448162188,0.283810448162188,0.40350539,0.25125773
"Rdev",1,"eq_dome",2015,0.349710804734344,0.349710804734344,0.45387759,0.25241413
"Rdev",1,"eq_dome",2016,0.388106622745335,0.388106622745335,0.47942926,0.25637405
"Rdev",1,"eq_dome",2017,0.451201303452108,0.451201303452108,0.47144774,0.25695227
"Rdev",1,"eq_dome",2018,0.478060227497239,0.478060227497239,0.46092269,0.25317826
"Rdev",1,"eq_dome",2019,0.528227848086451,0.528227848086451,0.41734691,0.24656313
"Rdev",1,"eq_dome",2020,0.502388455998774,0.502388455998774,0.41694991,0.23834172
"Rdev",1,"eq_dome",2021,0.524561674662309,0.524561674662309,0.4048884,0.23248936
"Rdev",1,"eq_dome",2022,0.508794178286228,0.508794178286228,0.39045107,0.23054343
"Rdev",1,"eq_dome",2023,0.531343957980956,0.531343957980956,0.42528657,0.23434707
"Rdev",1,"eq_dome",2024,0.42932107780018,0.42932107780018,0.42897478,0.24177913
"Rdev",1,"dyn_dome",2005,0.235222249723969,0.256981894126416,0.22808328,0.10744759
"Rdev",1,"dyn_dome",2006,0.174588874126274,0.226973695843567,0.21414815,0.115645
"Rdev",1,"dyn_dome",2007,0.177034585316009,0.198074019799699,0.23680222,0.14330816
"Rdev",1,"dyn_dome",2008,0.216577425502782,0.195432146193445,0.24797881,0.17000445
"Rdev",1,"dyn_dome",2009,0.256589149709115,0.209935884638541,0.25778926,0.18497643
"Rdev",1,"dyn_dome",2010,0.274000402117343,0.228659219161926,0.28177483,0.20317592
"Rdev",1,"dyn_dome",2011,0.284662941973077,0.245735232642248,0.33496774,0.22746764
"Rdev",1,"dyn_dome",2012,0.345086064505071,0.265661604226843,0.29829279,0.24464149
"Rdev",1,"dyn_dome",2013,0.448662453520961,0.294210360517187,0.35189144,0.25043282
"Rdev",1,"dyn_dome",2014,0.548398318592753,0.329801286344116,0.40350539,0.25125773
"Rdev",1,"dyn_dome",2015,0.596412599932911,0.367695378904221,0.45387759,0.25241413
"Rdev",1,"dyn_dome",2016,0.589237956289397,0.403032983804282,0.47942926,0.25637405
"Rdev",1,"dyn_dome",2017,0.550714003687914,0.4316351151074,0.47144774,0.25695227
"Rdev",1,"dyn_dome",2018,0.503059373781406,0.450557658323648,0.46092269,0.25317826
"Rdev",1,"dyn_dome",2019,0.462334784102631,0.458927651231006,0.41734691,0.24656313
"Rdev",1,"dyn_dome",2020,0.431482634088568,0.45809306468282,0.41694991,0.23834172
"Rdev",1,"dyn_dome",2021,0.395743771455407,0.448691487047834,0.4048884,0.23248936
"Rdev",1,"dyn_dome",2022,0.34382771220139,0.427495862208072,0.39045107,0.23054343
"Rdev",1,"dyn_dome",2023,0.298098224716264,0.393143705881241,0.42528657,0.23434707
"Rdev",1,"dyn_dome",2024,0.286805402089826,0.357585010747376,0.42897478,0.24177913
"Rdev",1,"dyn_dome_Rdev",2005,0.205796945249113,0.20605247869538,0.22808328,0.10744759
"Rdev",1,"dyn_dome_Rdev",2006,0.195631580785408,0.198740943564397,0.21414815,0.115645
"Rdev",1,"dyn_dome_Rdev",2007,0.219049760865852,0.217257387903567,0.23680222,0.14330816
"Rdev",1,"dyn_dome_Rdev",2008,0.245036146746427,0.244179184982415,0.24797881,0.17000445
"Rdev",1,"dyn_dome_Rdev",2009,0.262668927964748,0.268275802335777,0.25778926,0.18497643
"Rdev",1,"dyn_dome_Rdev",2010,0.273729052546287,0.29150919314854,0.28177483,0.20317592
"Rdev",1,"dyn_dome_Rdev",2011,0.286611061228897,0.318734515476739,0.33496774,0.22746764
"Rdev",1,"dyn_dome_Rdev",2012,0.327420988408127,0.346922430754552,0.29829279,0.24464149
"Rdev",1,"dyn_dome_Rdev",2013,0.383922337145717,0.368918964992664,0.35189144,0.25043282
"Rdev",1,"dyn_dome_Rdev",2014,0.444442054220768,0.383598121783377,0.40350539,0.25125773
"Rdev",1,"dyn_dome_Rdev",2015,0.481031301877857,0.397302405880291,0.45387759,0.25241413
"Rdev",1,"dyn_dome_Rdev",2016,0.486759179276513,0.413666334540731,0.47942926,0.25637405
"Rdev",1,"dyn_dome_Rdev",2017,0.47908051199935,0.431640341683332,0.47144774,0.25695227
"Rdev",1,"dyn_dome_Rdev",2018,0.460087498766082,0.441368759688909,0.46092269,0.25317826
"Rdev",1,"dyn_dome_Rdev",2019,0.431650377947938,0.435319969675355,0.41734691,0.24656313
"Rdev",1,"dyn_dome_Rdev",2020,0.40551380245742,0.420391674035639,0.41694991,0.23834172
"Rdev",1,"dyn_dome_Rdev",2021,0.383881855491433,0.407081841989032,0.4048884,0.23248936
"Rdev",1,"dyn_dome_Rdev",2022,0.357550520972965,0.394828825881707,0.39045107,0.23054343
"Rdev",1,"dyn_dome_Rdev",2023,0.333523830005976,0.380222993108777,0.42528657,0.23434707
"Rdev",1,"dyn_dome_Rdev",2024,0.328743017337561,0.369841370574333,0.42897478,0.24177913
"Rdev",1,"dyn_dome_Rrw",2005,0.228005066718748,0.20578147523389,0.22808328,0.10744759
"Rdev",1,"dyn_dome_Rrw",2006,0.198112050053089,0.20659592859077,0.21414815,0.115645
"Rdev",1,"dyn_dome_Rrw",2007,0.21468956215331,0.22469549185383,0.23680222,0.14330816
"Rdev",1,"dyn_dome_Rrw",2008,0.250216601383587,0.258450381176891,0.24797881,0.17000445
"Rdev",1,"dyn_dome_Rrw",2009,0.2797290060011,0.29779594173781,0.25778926,0.18497643
"Rdev",1,"dyn_dome_Rrw",2010,0.290492914012329,0.338569099218471,0.28177483,0.20317592
"Rdev",1,"dyn_dome_Rrw",2011,0.293115853733925,0.377363614056222,0.33496774,0.22746764
"Rdev",1,"dyn_dome_Rrw",2012,0.32916736791701,0.412386723979113,0.29829279,0.24464149
"Rdev",1,"dyn_dome_Rrw",2013,0.394526595484837,0.444294421611009,0.35189144,0.25043282
"Rdev",1,"dyn_dome_Rrw",2014,0.467958728763484,0.47410609716782,0.40350539,0.25125773
"Rdev",1,"dyn_dome_Rrw",2015,0.50971273322578,0.503735153265757,0.45387759,0.25241413
"Rdev",1,"dyn_dome_Rrw",2016,0.510774193849284,0.533606964875588,0.47942926,0.25637405
"Rdev",1,"dyn_dome_Rrw",2017,0.494523549701332,0.560380650081738,0.47144774,0.25695227
"Rdev",1,"dyn_dome_Rrw",2018,0.473167861622241,0.577915082444173,0.46092269,0.25317826
"Rdev",1,"dyn_dome_Rrw",2019,0.451169963573576,0.582972529291282,0.41734691,0.24656313
"Rdev",1,"dyn_dome_Rrw",2020,0.43165144297468,0.579577134893901,0.41694991,0.23834172
"Rdev",1,"dyn_dome_Rrw",2021,0.408141499270761,0.574224941692157,0.4048884,0.23248936
"Rdev",1,"dyn_dome_Rrw",2022,0.373284109685544,0.568180736519291,0.39045107,0.23054343
"Rdev",1,"dyn_dome_Rrw",2023,0.342544062234029,0.560460468161323,0.42528657,0.23434707
"Rdev",1,"dyn_dome_Rrw",2024,0.336109429232731,0.556922093018572,0.42897478,0.24177913
"Rdev",2,"eq_dome",2005,0.196233930134446,0.196233930134446,0.21285894,0.1638839
"Rdev",2,"eq_dome",2006,0.21942071917811,0.21942071917811,0.23604605,0.14838059
"Rdev",2,"eq_dome",2007,0.256481535018986,0.256481535018986,0.23596056,0.13783504
"Rdev",2,"eq_dome",2008,0.282936821901784,0.282936821901784,0.24865033,0.13752949
"Rdev",2,"eq_dome",2009,0.297194445791265,0.297194445791265,0.26729519,0.15231683
"Rdev",2,"eq_dome",2010,0.275726401921844,0.275726401921844,0.33148415,0.1799412
"Rdev",2,"eq_dome",2011,0.268877613946558,0.268877613946558,0.30485756,0.20633621
"Rdev",2,"eq_dome",2012,0.281854368247959,0.281854368247959,0.33104047,0.22393623
"Rdev",2,"eq_dome",2013,0.325516188421708,0.325516188421708,0.39584523,0.23893955
"Rdev",2,"eq_dome",2014,0.31652583999462,0.31652583999462,0.42608287,0.25435267
"Rdev",2,"eq_dome",2015,0.452600244461212,0.452600244461212,0.41757238,0.26188181
"Rdev",2,"eq_dome",2016,0.519206564929743,0.519206564929743,0.48749898,0.26538224
"Rdev",2,"eq_dome",2017,0.584011048033865,0.584011048033865,0.41575589,0.27172314
"Rdev",2,"eq_dome",2018,0.612105409968175,0.612105409968175,0.44865378,0.28963334
"Rdev",2,"eq_dome",2019,0.651130661817895,0.651130661817895,0.46438235,0.30928423
"Rdev",2,"eq_dome",2020,0.667557245525214,0.667557245525214,0.43395043,0.314861
"Rdev",2,"eq_dome",2021,0.674266893013904,0.674266893013904,0.45636468,0.31319263
"Rdev",2,"eq_dome",2022,0.701217286543715,0.701217286543715,0.44913101,0.31573134
"Rdev",2,"eq_dome",2023,0.716341836766463,0.716341836766463,0.46208344,0.3232741
"Rdev",2,"eq_dome",2024,0.709351240430631,0.709351240430631,0.45418353,0.33669093
"Rdev",2,"dyn_dome",2005,0.263715333012241,0.199700770304765,0.21285894,0.1638839
"Rdev",2,"dyn_dome",2006,0.325681570347385,0.226989271854356,0.23604605,0.14838059
"Rdev",2,"dyn_dome",2007,0.327929878430589,0.254117380510866,0.23596056,0.13783504
"Rdev",2,"dyn_dome",2008,0.274188030794372,0.268318844216004,0.24865033,0.13752949
"Rdev",2,"dyn_dome",2009,0.218549860199404,0.258425494581152,0.26729519,0.15231683
"Rdev",2,"dyn_dome",2010,0.212310558541493,0.239204056673359,0.33148415,0.1799412
"Rdev",2,"dyn_dome",2011,0.269239005446564,0.237849590358679,0.30485756,0.20633621
"Rdev",2,"dyn_dome",2012,0.36154133065401,0.257498838152166,0.33104047,0.22393623
"Rdev",2,"dyn_dome",2013,0.446754169907817,0.287963049128806,0.39584523,0.23893955
"Rdev",2,"dyn_dome",2014,0.507166725402357,0.322211986619144,0.42608287,0.25435267
"Rdev",2,"dyn_dome",2015,0.521635103755715,0.355706140910958,0.41757238,0.26188181
"Rdev",2,"dyn_dome",2016,0.487192712927542,0.383331497379856,0.48749898,0.26538224
"Rdev",2,"dyn_dome",2017,0.431042624175904,0.399881585703018,0.41575589,0.27172314
"Rdev",2,"dyn_dome",2018,0.378711215701312,0.402369353301049,0.44865378,0.28963334
"Rdev",2,"dyn_dome",2019,0.366827662583615,0.396252483121538,0.46438235,0.30928423
"Rdev",2,"dyn_dome",2020,0.408292749246102,0.394547800909812,0.43395043,0.314861
"Rdev",2,"dyn_dome",2021,0.449924375047132,0.401916087110324,0.45636468,0.31319263
"Rdev",2,"dyn_dome",2022,0.452530290189408,0.412082142131451,0.44913101,0.31573134
"Rdev",2,"dyn_dome",2023,0.430133114953082,0.418485654384955,0.46208344,0.3232741
"Rdev",2,"dyn_dome",2024,0.41567185353885,0.419916196888387,0.45418353,0.33669093
"Rdev",2,"dyn_dome_Rdev",2005,0.228549432253571,0.276640366699556,0.21285894,0.1638839
"Rdev",2,"dyn_dome_Rdev",2006,0.238551513968272,0.264807181062499,0.23604605,0.14838059
"Rdev",2,"dyn_dome_Rdev",2007,0.240541208384409,0.246159827578975,0.23596056,0.13783504
"Rdev",2,"dyn_dome_Rdev",2008,0.238742176347814,0.235344942815049,0.24865033,0.13752949
"Rdev",2,"dyn_dome_Rdev",2009,0.238838629455079,0.233887066287443,0.26729519,0.15231683
"Rdev",2,"dyn_dome_Rdev",2010,0.248568967812715,0.240038449729208,0.33148415,0.1799412
"Rdev",2,"dyn_dome_Rdev",2011,0.279413369818007,0.251487594851455,0.30485756,0.20633621
"Rdev",2,"dyn_dome_Rdev",2012,0.325703714559096,0.265889962918757,0.33104047,0.22393623
"Rdev",2,"dyn_dome_Rdev",2013,0.371547330074575,0.283539393049277,0.39584523,0.23893955
"Rdev",2,"dyn_dome_Rdev",2014,0.423676707418327,0.301721140498095,0.42608287,0.25435267
"Rdev",2,"dyn_dome_Rdev",2015,0.462988710388206,0.318490784252956,0.41757238,0.26188181
"Rdev",2,"dyn_dome_Rdev",2016,0.482708874706733,0.334270811945953,0.48749898,0.26538224
"Rdev",2,"dyn_dome_Rdev",2017,0.498557393444862,0.359747561714352,0.41575589,0.27172314
"Rdev",2,"dyn_dome_Rdev",2018,0.500494984417671,0.400840254436046,0.44865378,0.28963334
"Rdev",2,"dyn_dome_Rdev",2019,0.48575054422335,0.438329861047213,0.46438235,0.30928423
"Rdev",2,"dyn_dome_Rdev",2020,0.464308385505002,0.455437224750101,0.43395043,0.314861
"Rdev",2,"dyn_dome_Rdev",2021,0.434379484468391,0.455420101621971,0.45636468,0.31319263
"Rdev",2,"dyn_dome_Rdev",2022,0.395605735708562,0.449476107248183,0.44913101,0.31573134
"Rdev",2,"dyn_dome_Rdev",2023,0.366402128677257,0.44334340537945,0.46208344,0.3232741
"Rdev",2,"dyn_dome_Rdev",2024,0.355631639790792,0.434965342627897,0.45418353,0.33669093
"Rdev",2,"dyn_dome_Rrw",2005,0.215568080590104,0.17833049957401,0.21285894,0.1638839
"Rdev",2,"dyn_dome_Rrw",2006,0.253227225034499,0.172048133702451,0.23604605,0.14838059
"Rdev",2,"dyn_dome_Rrw",2007,0.258746992620657,0.166149888705091,0.23596056,0.13783504
"Rdev",2,"dyn_dome_Rrw",2008,0.239090529471229,0.158568329434782,0.24865033,0.13752949
"Rdev",2,"dyn_dome_Rrw",2009,0.224707267868679,0.151016727156777,0.26729519,0.15231683
"Rdev",2,"dyn_dome_Rrw",2010,0.236419096129528,0.148147023961623,0.33148415,0.1799412
"Rdev",2,"dyn_dome_Rrw",2011,0.27747720829869,0.151945614889207,0.30485756,0.20633621
"Rdev",2,"dyn_dome_Rrw",2012,0.331341156571473,0.160259113412033,0.33104047,0.22393623
"Rdev",2,"dyn_dome_Rrw",2013,0.37844722993333,0.169778538696128,0.39584523,0.23893955
"Rdev",2,"dyn_dome_Rrw",2014,0.429902836742862,0.178906907285165,0.42608287,0.25435267
"Rdev",2,"dyn_dome_Rrw",2015,0.468260211155112,0.187854783800326,0.41757238,0.26188181
"Rdev",2,"dyn_dome_Rrw",2016,0.484622452710138,0.197918625393593,0.48749898,0.26538224
"Rdev",2,"dyn_dome_Rrw",2017,0.492277575099004,0.211705318645598,0.41575589,0.27172314
"Rdev",2,"dyn_dome_Rrw",2018,0.48542944733657,0.228901383671244,0.44865378,0.28963334
"Rdev",2,"dyn_dome_Rrw",2019,0.47283856924983,0.24413748550243,0.46438235,0.30928423
"Rdev",2,"dyn_dome_Rrw",2020,0.468037272568312,0.253353556907711,0.43395043,0.314861
"Rdev",2,"dyn_dome_Rrw",2021,0.457338572659121,0.256921711574621,0.45636468,0.31319263
"Rdev",2,"dyn_dome_Rrw",2022,0.424857292324047,0.256369474901223,0.44913101,0.31573134
"Rdev",2,"dyn_dome_Rrw",2023,0.388193852942721,0.252818623732193,0.46208344,0.3232741
"Rdev",2,"dyn_dome_Rrw",2024,0.371226386922559,0.248436109723404,0.45418353,0.33669093
"Rdev",3,"eq_dome",2005,0.205548167144368,0.205548167144368,0.2274287,0.20321295
"Rdev",3,"eq_dome",2006,0.214304805226404,0.214304805226404,0.22856152,0.20641625
"Rdev",3,"eq_dome",2007,0.21756769313687,0.21756769313687,0.24448746,0.20258003
"Rdev",3,"eq_dome",2008,0.236732608892348,0.236732608892348,0.24852074,0.19431826
"Rdev",3,"eq_dome",2009,0.256070136922787,0.256070136922787,0.25871463,0.1912712
"Rdev",3,"eq_dome",2010,0.26288510282881,0.26288510282881,0.29003438,0.19930804
"Rdev",3,"eq_dome",2011,0.266054098227453,0.266054098227453,0.29232726,0.21172436
"Rdev",3,"eq_dome",2012,0.297718902297222,0.297718902297222,0.36199305,0.22665103
"Rdev",3,"eq_dome",2013,0.294550414233848,0.294550414233848,0.38047995,0.23659429
"Rdev",3,"eq_dome",2014,0.318229668078499,0.318229668078499,0.43240263,0.24307859
"Rdev",3,"eq_dome",2015,0.363229536343084,0.363229536343084,0.47920444,0.24841611
"Rdev",3,"eq_dome",2016,0.434233310026094,0.434233310026094,0.42303345,0.2452387
"Rdev",3,"eq_dome",2017,0.479426414050354,0.479426414050354,0.42093392,0.23970438
"Rdev",3,"eq_dome",2018,0.549126513800341,0.549126513800341,0.39927566,0.24017045
"Rdev",3,"eq_dome",2019,0.511858856919204,0.511858856919204,0.43790841,0.2440389
"Rdev",3,"eq_dome",2020,0.446190696680695,0.446190696680695,0.42332952,0.24574703
"Rdev",3,"eq_dome",2021,0.502329245193299,0.502329245193299,0.42234248,0.24578127
"Rdev",3,"eq_dome",2022,0.485995457422657,0.485995457422657,0.47445606,0.25374679
"Rdev",3,"eq_dome",2023,0.454613804149689,0.454613804149689,0.43016685,0.27450915
"Rdev",3,"eq_dome",2024,0.447241324018721,0.447241324018721,0.46996722,0.30375604
"Rdev",3,"dyn_dome",2005,0.225958958857522,0.205500626331125,0.2274287,0.20321295
"Rdev",3,"dyn_dome",2006,0.252314678702142,0.217858289257129,0.22856152,0.20641625
"Rdev",3,"dyn_dome",2007,0.285160772982989,0.234370383944277,0.24448746,0.20258003
"Rdev",3,"dyn_dome",2008,0.299507375839659,0.251804168636365,0.24852074,0.19431826
"Rdev",3,"dyn_dome",2009,0.277104510168037,0.263029056955433,0.25871463,0.1912712
"Rdev",3,"dyn_dome",2010,0.266270342901269,0.2662120093723,0.29003438,0.19930804
"Rdev",3,"dyn_dome",2011,0.30250497107769,0.271762862371263,0.29232726,0.21172436
"Rdev",3,"dyn_dome",2012,0.374211103263072,0.28763797446956,0.36199305,0.22665103
"Rdev",3,"dyn_dome",2013,0.479833327454663,0.313643846972907,0.38047995,0.23659429
"Rdev",3,"dyn_dome",2014,0.586338121691421,0.347027032579516,0.43240263,0.24307859
"Rdev",3,"dyn_dome",2015,0.644283535587491,0.383567989621988,0.47920444,0.24841611
"Rdev",3,"dyn_dome",2016,0.640468407372329,0.418443604326832,0.42303345,0.2452387
"Rdev",3,"dyn_dome",2017,0.577342325508878,0.446118695053555,0.42093392,0.23970438
"Rdev",3,"dyn_dome",2018,0.470537772913022,0.458995192435677,0.39927566,0.24017045
"Rdev",3,"dyn_dome",2019,0.377668334732898,0.450848104903983,0.43790841,0.2440389
"Rdev",3,"dyn_dome",2020,0.359058631940158,0.431097086348254,0.42332952,0.24574703
"Rdev",3,"dyn_dome",2021,0.376495817474911,0.41560092709012,0.42234248,0.24578127
"Rdev",3,"dyn_dome",2022,0.369474056801219,0.405046745557493,0.47445606,0.25374679
"Rdev",3,"dyn_dome",2023,0.338112069017851,0.391694209798773,0.43016685,0.27450915
"Rdev",3,"dyn_dome",2024,0.318626349706456,0.374491912561176,0.46996722,0.30375604
"Rdev",3,"dyn_dome_Rdev",2005,0.214954365276407,0.240330423815753,0.2274287,0.20321295
"Rdev",3,"dyn_dome_Rdev",2006,0.232667480559197,0.240480070841887,0.22856152,0.20641625
"Rdev",3,"dyn_dome_Rdev",2007,0.262077734804212,0.242058594940953,0.24448746,0.20258003
"Rdev",3,"dyn_dome_Rdev",2008,0.288321495653907,0.247420869753153,0.24852074,0.19431826
"Rdev",3,"dyn_dome_Rdev",2009,0.295398305314138,0.26038111157323,0.25871463,0.1912712
"Rdev",3,"dyn_dome_Rdev",2010,0.31651725552865,0.277732633836905,0.29003438,0.19930804
"Rdev",3,"dyn_dome_Rdev",2011,0.355692942357381,0.299947243321209,0.29232726,0.21172436
"Rdev",3,"dyn_dome_Rdev",2012,0.383575772473081,0.323137919605936,0.36199305,0.22665103
"Rdev",3,"dyn_dome_Rdev",2013,0.413804870620183,0.339260572086449,0.38047995,0.23659429
"Rdev",3,"dyn_dome_Rdev",2014,0.463960417522027,0.349189894300662,0.43240263,0.24307859
"Rdev",3,"dyn_dome_Rdev",2015,0.507472936811116,0.355283728591813,0.47920444,0.24841611
"Rdev",3,"dyn_dome_Rdev",2016,0.521843255571076,0.358004639858888,0.42303345,0.2452387
"Rdev",3,"dyn_dome_Rdev",2017,0.509836957302617,0.361134814818667,0.42093392,0.23970438
"Rdev",3,"dyn_dome_Rdev",2018,0.484849105292285,0.368364173087238,0.39927566,0.24017045
"Rdev",3,"dyn_dome_Rdev",2019,0.466978350027359,0.374929377168171,0.43790841,0.2440389
"Rdev",3,"dyn_dome_Rdev",2020,0.475777340836497,0.381326545124922,0.42332952,0.24574703
"Rdev",3,"dyn_dome_Rdev",2021,0.493340147232628,0.390489303308798,0.42234248,0.24578127
"Rdev",3,"dyn_dome_Rdev",2022,0.492956810656002,0.403084669359425,0.47445606,0.25374679
"Rdev",3,"dyn_dome_Rdev",2023,0.478705440204166,0.427466395545961,0.43016685,0.27450915
"Rdev",3,"dyn_dome_Rdev",2024,0.469664730573095,0.462128904972906,0.46996722,0.30375604
"Rdev",3,"dyn_dome_Rrw",2005,0.210453841014331,0.17691643001772,0.2274287,0.20321295
"Rdev",3,"dyn_dome_Rrw",2006,0.226388167354175,0.172120224309748,0.22856152,0.20641625
"Rdev",3,"dyn_dome_Rrw",2007,0.255595931067444,0.169788132455235,0.24448746,0.20258003
"Rdev",3,"dyn_dome_Rrw",2008,0.279083609767267,0.170738802405224,0.24852074,0.19431826
"Rdev",3,"dyn_dome_Rrw",2009,0.277330346420806,0.172913636593559,0.25871463,0.1912712
"Rdev",3,"dyn_dome_Rrw",2010,0.28772060269395,0.17607136328388,0.29003438,0.19930804
"Rdev",3,"dyn_dome_Rrw",2011,0.321291338095004,0.181863057892435,0.29232726,0.21172436
"Rdev",3,"dyn_dome_Rrw",2012,0.349529599579156,0.188151132352175,0.36199305,0.22665103
"Rdev",3,"dyn_dome_Rrw",2013,0.385242076837065,0.192004964884572,0.38047995,0.23659429
"Rdev",3,"dyn_dome_Rrw",2014,0.4435947884159,0.193942109157252,0.43240263,0.24307859
"Rdev",3,"dyn_dome_Rrw",2015,0.492421562435389,0.195039629985853,0.47920444,0.24841611
"Rdev",3,"dyn_dome_Rrw",2016,0.505429342971044,0.195313897215547,0.42303345,0.2452387
"Rdev",3,"dyn_dome_Rrw",2017,0.485646561931567,0.194924884961251,0.42093392,0.23970438
"Rdev",3,"dyn_dome_Rrw",2018,0.451972308917158,0.194044723486541,0.39927566,0.24017045
"Rdev",3,"dyn_dome_Rrw",2019,0.434407689557999,0.192926800773875,0.43790841,0.2440389
"Rdev",3,"dyn_dome_Rrw",2020,0.456327403733854,0.1933056762618,0.42332952,0.24574703
"Rdev",3,"dyn_dome_Rrw",2021,0.48916774445954,0.196872087377765,0.42234248,0.24578127
"Rdev",3,"dyn_dome_Rrw",2022,0.497185250328042,0.203879779077737,0.47445606,0.25374679
"Rdev",3,"dyn_dome_Rrw",2023,0.484084087089041,0.214349211765396,0.43016685,0.27450915
"Rdev",3,"dyn_dome_Rrw",2024,0.473979890546737,0.22801455846162,0.46996722,0.30375604
"Rdev",4,"eq_dome",2005,0.218862428968551,0.218862428968551,0.21010744,0.12765321
"Rdev",4,"eq_dome",2006,0.226258707152591,0.226258707152591,0.23586772,0.11953569
"Rdev",4,"eq_dome",2007,0.239251392568972,0.239251392568972,0.23172448,0.11275433
"Rdev",4,"eq_dome",2008,0.248185881669961,0.248185881669961,0.23492884,0.1085762
"Rdev",4,"eq_dome",2009,0.246292626376714,0.246292626376714,0.29402804,0.110907
"Rdev",4,"eq_dome",2010,0.241892371378535,0.241892371378535,0.28004748,0.1205751
"Rdev",4,"eq_dome",2011,0.247118660204067,0.247118660204067,0.31121622,0.13611937
"Rdev",4,"eq_dome",2012,0.232694603884761,0.232694603884761,0.34932503,0.16047307
"Rdev",4,"eq_dome",2013,0.258092254333701,0.258092254333701,0.3712883,0.18862995
"Rdev",4,"eq_dome",2014,0.279551019954501,0.279551019954501,0.4392675,0.21009719
"Rdev",4,"eq_dome",2015,0.285498637601467,0.285498637601467,0.4720229,0.22264874
"Rdev",4,"eq_dome",2016,0.317347275812786,0.317347275812786,0.45012839,0.22930106
"Rdev",4,"eq_dome",2017,0.355296902877188,0.355296902877188,0.43701825,0.23704359
"Rdev",4,"eq_dome",2018,0.413134866511504,0.413134866511504,0.45358393,0.25050379
"Rdev",4,"eq_dome",2019,0.436220830899324,0.436220830899324,0.46736177,0.26280957
"Rdev",4,"eq_dome",2020,0.376574869165191,0.376574869165191,0.38325004,0.26286914
"Rdev",4,"eq_dome",2021,0.427596164766758,0.427596164766758,0.40471065,0.25422572
"Rdev",4,"eq_dome",2022,0.441112372967465,0.441112372967465,0.4079048,0.24553544
"Rdev",4,"eq_dome",2023,0.437232867126381,0.437232867126381,0.43411512,0.24026347
"Rdev",4,"eq_dome",2024,0.476681405879883,0.476681405879883,0.48453003,0.24790591
"Rdev",4,"dyn_dome",2005,0.256450450447414,0.222066999689044,0.21010744,0.12765321
"Rdev",4,"dyn_dome",2006,0.275394645808277,0.237411711650955,0.23586772,0.11953569
"Rdev",4,"dyn_dome",2007,0.2743576454963,0.250471929621485,0.23172448,0.11275433
"Rdev",4,"dyn_dome",2008,0.249519467926048,0.25479696187216,0.23492884,0.1085762
"Rdev",4,"dyn_dome",2009,0.232362967672702,0.249501691389307,0.29402804,0.110907
"Rdev",4,"dyn_dome",2010,0.237010172962672,0.243609443035006,0.28004748,0.1205751
"Rdev",4,"dyn_dome",2011,0.246099896625129,0.242631902894985,0.31121622,0.13611937
"Rdev",4,"dyn_dome",2012,0.268493283176642,0.247717325444847,0.34932503,0.16047307
"Rdev",4,"dyn_dome",2013,0.312479594097303,0.260760428512832,0.3712883,0.18862995
"Rdev",4,"dyn_dome",2014,0.384216632614626,0.282580503189185,0.4392675,0.21009719
"Rdev",4,"dyn_dome",2015,0.466486335762323,0.311712790497552,0.4720229,0.22264874
"Rdev",4,"dyn_dome",2016,0.50542984680146,0.343653349780328,0.45012839,0.22930106
"Rdev",4,"dyn_dome",2017,0.477425594973395,0.371514986547583,0.43701825,0.23704359
"Rdev",4,"dyn_dome",2018,0.396009285700858,0.385937018379149,0.45358393,0.25050379
"Rdev",4,"dyn_dome",2019,0.32733039736987,0.379898279015576,0.46736177,0.26280957
"Rdev",4,"dyn_dome",2020,0.357059491654418,0.370304438544202,0.38325004,0.26286914
"Rdev",4,"dyn_dome",2021,0.436484193717314,0.375673855117671,0.40471065,0.25422572
"Rdev",4,"dyn_dome",2022,0.496198136366329,0.392935202930076,0.4079048,0.24553544
"Rdev",4,"dyn_dome",2023,0.530761960551875,0.414336081101927,0.43411512,0.24026347
"Rdev",4,"dyn_dome",2024,0.543188610954065,0.435769763659705,0.48453003,0.24790591
"Rdev",4,"dyn_dome_Rdev",2005,0.229316985943641,0.220246965450035,0.21010744,0.12765321
"Rdev",4,"dyn_dome_Rdev",2006,0.249399923125032,0.218749793362403,0.23586772,0.11953569
"Rdev",4,"dyn_dome_Rdev",2007,0.252547816476162,0.216798225143173,0.23172448,0.11275433
"Rdev",4,"dyn_dome_Rdev",2008,0.236163805942591,0.211478162282915,0.23492884,0.1085762
"Rdev",4,"dyn_dome_Rdev",2009,0.235779864753815,0.20862469200448,0.29402804,0.110907
"Rdev",4,"dyn_dome_Rdev",2010,0.265316434725669,0.217631515726217,0.28004748,0.1205751
"Rdev",4,"dyn_dome_Rdev",2011,0.301990301148929,0.241002340365976,0.31121622,0.13611937
"Rdev",4,"dyn_dome_Rdev",2012,0.33813765010874,0.28018346940007,0.34932503,0.16047307
"Rdev",4,"dyn_dome_Rdev",2013,0.361975904511079,0.32545163977298,0.3712883,0.18862995
"Rdev",4,"dyn_dome_Rdev",2014,0.376413039650943,0.361620531556901,0.4392675,0.21009719
"Rdev",4,"dyn_dome_Rdev",2015,0.399740460283544,0.381616931601931,0.4720229,0.22264874
"Rdev",4,"dyn_dome_Rdev",2016,0.41925036360172,0.389294728369104,0.45012839,0.22930106
"Rdev",4,"dyn_dome_Rdev",2017,0.421296488503311,0.400360293196415,0.43701825,0.23704359
"Rdev",4,"dyn_dome_Rdev",2018,0.401019422185853,0.421431248758554,0.45358393,0.25050379
"Rdev",4,"dyn_dome_Rdev",2019,0.374725825616406,0.438503944933582,0.46736177,0.26280957
"Rdev",4,"dyn_dome_Rdev",2020,0.378152114053954,0.439998403192085,0.38325004,0.26286914
"Rdev",4,"dyn_dome_Rdev",2021,0.389406952599547,0.431250074996732,0.40471065,0.25422572
"Rdev",4,"dyn_dome_Rdev",2022,0.386782910026927,0.416227186443685,0.4079048,0.24553544
"Rdev",4,"dyn_dome_Rdev",2023,0.392625713523681,0.401713357087167,0.43411512,0.24026347
"Rdev",4,"dyn_dome_Rdev",2024,0.400970771834608,0.391294794225041,0.48453003,0.24790591
"Rdev",4,"dyn_dome_Rrw",2005,0.233707802212692,0.191030711550317,0.21010744,0.12765321
"Rdev",4,"dyn_dome_Rrw",2006,0.252683634334241,0.192089416928802,0.23586772,0.11953569
"Rdev",4,"dyn_dome_Rrw",2007,0.25596665219881,0.193266664665794,0.23172448,0.11275433
"Rdev",4,"dyn_dome_Rrw",2008,0.240226234756633,0.191639469682336,0.23492884,0.1085762
"Rdev",4,"dyn_dome_Rrw",2009,0.239282774542487,0.191071434169647,0.29402804,0.110907
"Rdev",4,"dyn_dome_Rrw",2010,0.267581278112557,0.201151070691704,0.28004748,0.1205751
"Rdev",4,"dyn_dome_Rrw",2011,0.302244328241376,0.22586752575064,0.31121622,0.13611937
"Rdev",4,"dyn_dome_Rrw",2012,0.334998790756611,0.26246706314234,0.34932503,0.16047307
"Rdev",4,"dyn_dome_Rrw",2013,0.358575195289216,0.302524673804971,0.3712883,0.18862995
"Rdev",4,"dyn_dome_Rrw",2014,0.381592118335426,0.335895260291272,0.4392675,0.21009719
"Rdev",4,"dyn_dome_Rrw",2015,0.418649820962862,0.359745675203965,0.4720229,0.22264874
"Rdev",4,"dyn_dome_Rrw",2016,0.44418955371879,0.378228489903052,0.45012839,0.22930106
"Rdev",4,"dyn_dome_Rrw",2017,0.436728341641516,0.396500630793091,0.43701825,0.23704359
"Rdev",4,"dyn_dome_Rrw",2018,0.396643042255838,0.413892513628317,0.45358393,0.25050379
"Rdev",4,"dyn_dome_Rrw",2019,0.357365521982775,0.422260680555975,0.46736177,0.26280957
"Rdev",4,"dyn_dome_Rrw",2020,0.36959825273555,0.421677307560322,0.38325004,0.26286914
"Rdev",4,"dyn_dome_Rrw",2021,0.400458094903176,0.418602879997502,0.40471065,0.25422572
"Rdev",4,"dyn_dome_Rrw",2022,0.412079474191048,0.413501971292053,0.4079048,0.24553544
"Rdev",4,"dyn_dome_Rrw",2023,0.421093650311065,0.407003937274613,0.43411512,0.24026347
"Rdev",4,"dyn_dome_Rrw",2024,0.428377477913248,0.402010361236732,0.48453003,0.24790591
