lmid,mw
1,2.116638226e-17
3,8.508273131e-15
5,6.103475785e-13
7,2.626031277e-11
9,8.802108755e-10
11,2.543232307e-08
13,6.658483407e-07
15,1.624783521e-05
17,0.0003752165953
19,0.007996607702
21,0.103557679
23,0.2936976023
25,0.4045978053
27,0.5095197176
29,0.628473618
31,0.7642174366
33,0.9179686452
35,1.090818548
37,1.283844619
39,1.498119435
41,1.734711582
43,1.994685919
45,2.279103776
47,2.589023126
49,2.92549875
51,3.289582378
53,3.682322825
55,4.104766108
57,4.557955566
59,5.042931957
61,5.560733559
63,6.112396258
65,6.698953634
67,7.321437034
