0,0,0,0,0,0,0,0,0,3,6,15,50,107,120,99,56,27,12,2,2,1,0,0,0,0,0,0,0,0,0,0,0,0
0,0,0,0,0,0,0,0,0,0,2,8,34,87,116,132,75,29,10,3,4,0,0,0,0,0,0,0,0,0,0,0,0,0
0,0,0,0,0,0,0,0,1,2,7,8,19,57,126,114,95,40,23,5,3,0,0,0,0,0,0,0,0,0,0,0,0,0
0,0,0,0,0,0,0,0,0,0,5,16,36,48,89,117,94,59,23,10,1,2,0,0,0,0,0,0,0,0,0,0,0,0
0,0,0,0,0,0,0,0,2,4,6,19,36,60,90,90,80,60,30,11,8,3,1,0,0,0,0,0,0,0,0,0,0,0
0,0,0,0,0,0,0,1,0,1,6,16,41,83,92,79,77,52,35,12,4,1,0,0,0,0,0,0,0,0,0,0,0,0
0,0,0,0,0,0,0,1,0,3,5,23,47,66,90,100,68,49,25,17,4,2,0,0,0,0,0,0,0,0,0,0,0,0
0,0,0,0,0,0,1,0,1,1,7,10,34,59,102,110,81,52,19,16,4,3,0,0,0,0,0,0,0,0,0,0,0,0
0,0,0,0,0,0,0,0,1,2,5,7,25,59,93,95,92,70,26,13,6,2,2,1,1,0,0,0,0,0,0,0,0,0
0,0,0,0,0,0,0,0,1,0,4,9,35,57,90,96,101,61,26,14,4,1,1,0,0,0,0,0,0,0,0,0,0,0
0,0,0,0,0,0,0,0,0,1,2,6,19,53,66,82,105,79,46,21,10,7,0,3,0,0,0,0,0,0,0,0,0,0
0,0,0,0,0,0,0,0,1,2,3,13,20,37,68,90,85,77,44,32,18,7,3,0,0,0,0,0,0,0,0,0,0,0
0,0,0,0,0,0,0,0,0,2,7,16,18,41,52,85,79,74,55,37,24,7,1,1,1,0,0,0,0,0,0,0,0,0
0,0,0,0,0,0,0,0,1,1,5,16,21,34,54,75,90,89,51,25,27,8,2,0,1,0,0,0,0,0,0,0,0,0
0,0,0,0,0,0,0,0,0,0,3,19,29,40,52,79,79,61,50,38,25,17,4,4,0,0,0,0,0,0,0,0,0,0
0,0,0,0,0,0,0,0,0,1,5,5,30,57,75,62,64,53,53,40,23,13,12,5,2,0,0,0,0,0,0,0,0,0
0,0,0,0,0,0,0,1,0,0,2,4,19,35,69,95,83,66,44,35,19,15,10,2,0,0,1,0,0,0,0,0,0,0
0,0,0,0,0,0,0,0,0,1,4,7,10,36,68,85,90,64,53,35,19,14,10,4,0,0,0,0,0,0,0,0,0,0
0,0,0,0,0,0,0,0,0,1,5,10,19,36,49,80,92,76,46,38,21,16,5,3,3,0,0,0,0,0,0,0,0,0
0,0,0,0,0,0,0,0,0,0,9,7,20,57,57,62,83,66,52,36,23,12,9,2,4,1,0,0,0,0,0,0,0,0
