0,0,0,0,0,0,0,0,4,3,6,18,42,66,104,126,80,27,13,7,1,0,2,1,0,0,0,0,0,0,0,0,0,0
0,0,0,0,0,0,0,0,1,2,7,19,44,62,108,114,72,43,19,4,4,1,0,0,0,0,0,0,0,0,0,0,0,0
0,0,0,0,0,0,0,0,1,1,4,24,43,70,100,105,97,30,14,7,4,0,0,0,0,0,0,0,0,0,0,0,0,0
0,0,0,0,0,0,0,1,3,0,5,17,40,63,97,97,103,41,20,11,1,1,0,0,0,0,0,0,0,0,0,0,0,0
0,0,0,0,0,0,0,0,0,2,8,23,35,70,95,107,86,48,14,9,2,1,0,0,0,0,0,0,0,0,0,0,0,0
0,0,0,0,0,0,0,0,0,4,5,17,35,67,96,108,76,47,26,7,7,5,0,0,0,0,0,0,0,0,0,0,0,0
0,0,0,0,0,0,0,0,1,0,2,10,40,64,104,97,79,66,19,8,6,2,1,0,1,0,0,0,0,0,0,0,0,0
0,0,0,0,0,0,0,0,0,4,7,14,27,64,79,103,72,69,34,15,9,2,1,0,0,0,0,0,0,0,0,0,0,0
0,0,0,0,0,0,0,0,0,1,1,12,35,61,87,84,92,60,39,13,10,4,1,0,0,0,0,0,0,0,0,0,0,0
0,0,0,0,0,0,0,0,0,3,5,6,21,63,70,96,93,71,40,16,8,4,3,1,0,0,0,0,0,0,0,0,0,0
0,0,0,0,0,0,0,0,1,2,9,9,14,46,73,88,99,63,55,25,8,5,3,0,0,0,0,0,0,0,0,0,0,0
0,0,0,0,0,0,0,0,0,0,2,10,25,53,67,89,87,79,40,26,12,6,3,1,0,0,0,0,0,0,0,0,0,0
0,0,0,0,0,0,0,0,1,1,6,7,15,43,61,90,86,85,50,27,16,6,4,2,0,0,0,0,0,0,0,0,0,0
0,0,0,0,0,0,0,0,0,0,2,6,19,47,67,88,81,71,60,30,13,11,4,1,0,0,0,0,0,0,0,0,0,0
0,0,0,0,0,0,0,0,0,4,2,12,23,48,61,96,74,77,44,29,17,7,5,1,0,0,0,0,0,0,0,0,0,0
0,0,0,0,0,0,0,0,0,1,8,11,18,35,54,78,72,87,55,35,26,9,7,0,2,1,1,0,0,0,0,0,0,0
0,0,0,0,0,0,0,0,0,4,4,8,19,50,70,63,81,71,55,28,24,11,8,1,2,0,0,1,0,0,0,0,0,0
0,0,0,0,0,0,0,0,0,1,5,6,18,51,65,76,90,61,46,36,17,15,9,3,1,0,0,0,0,0,0,0,0,0
0,0,0,0,0,0,0,0,0,0,2,13,14,50,62,72,100,78,49,21,13,14,5,5,0,1,1,0,0,0,0,0,0,0
0,0,0,0,0,0,0,0,0,3,2,8,16,28,61,79,84,74,44,39,27,12,14,4,1,4,0,0,0,0,0,0,0,0
