scen,seed,model,year,spr,secs
noRdev,1,eq_logistic,2005,0.2077361858405459,0.6689202785491943
noRdev,1,eq_logistic,2006,0.22025244962039073,0.6689202785491943
noRdev,1,eq_logistic,2007,0.22217905052780393,0.6689202785491943
noRdev,1,eq_logistic,2008,0.22431615227432647,0.6689202785491943
noRdev,1,eq_logistic,2009,0.23516383249894232,0.6689202785491943
noRdev,1,eq_logistic,2010,0.2486239310217024,0.6689202785491943
noRdev,1,eq_logistic,2011,0.23513368433459028,0.6689202785491943
noRdev,1,eq_logistic,2012,0.25666706344985524,0.6689202785491943
noRdev,1,eq_logistic,2013,0.28285388649368726,0.6689202785491943
noRdev,1,eq_logistic,2014,0.2838746409046,0.6689202785491943
noRdev,1,eq_logistic,2015,0.3121539066870134,0.6689202785491943
noRdev,1,eq_logistic,2016,0.33526681208442854,0.6689202785491943
noRdev,1,eq_logistic,2017,0.3375935457223891,0.6689202785491943
noRdev,1,eq_logistic,2018,0.34839942448754674,0.6689202785491943
noRdev,1,eq_logistic,2019,0.36543865326659775,0.6689202785491943
noRdev,1,eq_logistic,2020,0.3737430823805481,0.6689202785491943
noRdev,1,eq_logistic,2021,0.37594962965104756,0.6689202785491943
noRdev,1,eq_logistic,2022,0.38847392181838336,0.6689202785491943
noRdev,1,eq_logistic,2023,0.3849610550668887,0.6689202785491943
noRdev,1,eq_logistic,2024,0.3636884971284114,0.6689202785491943
noRdev,1,eq_dome,2005,0.20818566301708283,3.9821701049804688
noRdev,1,eq_dome,2006,0.22134687658943245,3.9821701049804688
noRdev,1,eq_dome,2007,0.2233827134864554,3.9821701049804688
noRdev,1,eq_dome,2008,0.22504512625010464,3.9821701049804688
noRdev,1,eq_dome,2009,0.2364670528709961,3.9821701049804688
noRdev,1,eq_dome,2010,0.2516355692989844,3.9821701049804688
noRdev,1,eq_dome,2011,0.23736627641809682,3.9821701049804688
noRdev,1,eq_dome,2012,0.2611921006329817,3.9821701049804688
noRdev,1,eq_dome,2013,0.2917877018258178,3.9821701049804688
noRdev,1,eq_dome,2014,0.29207156427989345,3.9821701049804688
noRdev,1,eq_dome,2015,0.328850747846858,3.9821701049804688
noRdev,1,eq_dome,2016,0.3595807161189543,3.9821701049804688
noRdev,1,eq_dome,2017,0.3646441464579008,3.9821701049804688
noRdev,1,eq_dome,2018,0.38067517814320867,3.9821701049804688
noRdev,1,eq_dome,2019,0.40443571004062107,3.9821701049804688
noRdev,1,eq_dome,2020,0.41568706896250945,3.9821701049804688
noRdev,1,eq_dome,2021,0.4163625387423749,3.9821701049804688
noRdev,1,eq_dome,2022,0.43902961816466257,3.9821701049804688
noRdev,1,eq_dome,2023,0.43400839731437707,3.9821701049804688
noRdev,1,eq_dome,2024,0.3950065653927214,3.9821701049804688
noRdev,1,dyn_logistic,2005,0.22936816439935026,101.94106101989746
noRdev,1,dyn_logistic,2006,0.23335599854190833,101.94106101989746
noRdev,1,dyn_logistic,2007,0.23823801875778639,101.94106101989746
noRdev,1,dyn_logistic,2008,0.24915557730792137,101.94106101989746
noRdev,1,dyn_logistic,2009,0.26591071819229206,101.94106101989746
noRdev,1,dyn_logistic,2010,0.2747872710181011,101.94106101989746
noRdev,1,dyn_logistic,2011,0.3152920991659774,101.94106101989746
noRdev,1,dyn_logistic,2012,0.35240212370086643,101.94106101989746
noRdev,1,dyn_logistic,2013,0.3688962830302727,101.94106101989746
noRdev,1,dyn_logistic,2014,0.3977613269542352,101.94106101989746
noRdev,1,dyn_logistic,2015,0.41350425483077513,101.94106101989746
noRdev,1,dyn_logistic,2016,0.4190944018766916,101.94106101989746
noRdev,1,dyn_logistic,2017,0.41931352628157004,101.94106101989746
noRdev,1,dyn_logistic,2018,0.4180644523265994,101.94106101989746
noRdev,1,dyn_logistic,2019,0.42064978420891064,101.94106101989746
noRdev,1,dyn_logistic,2020,0.4165604694077211,101.94106101989746
noRdev,1,dyn_logistic,2021,0.3973191548978477,101.94106101989746
noRdev,1,dyn_logistic,2022,0.353483490261504,101.94106101989746
noRdev,1,dyn_logistic,2023,0.3189323888395828,101.94106101989746
noRdev,1,dyn_logistic,2024,0.3134090438755038,101.94106101989746
noRdev,1,dyn_dome,2005,0.2304138802352435,211.72244834899902
noRdev,1,dyn_dome,2006,0.23346385616113616,211.72244834899902
noRdev,1,dyn_dome,2007,0.23694175725303843,211.72244834899902
noRdev,1,dyn_dome,2008,0.24850902957901894,211.72244834899902
noRdev,1,dyn_dome,2009,0.2664513987869276,211.72244834899902
noRdev,1,dyn_dome,2010,0.2758681205190402,211.72244834899902
noRdev,1,dyn_dome,2011,0.3161675428505702,211.72244834899902
noRdev,1,dyn_dome,2012,0.3540056215667099,211.72244834899902
noRdev,1,dyn_dome,2013,0.37019254663211953,211.72244834899902
noRdev,1,dyn_dome,2014,0.4004666842660178,211.72244834899902
noRdev,1,dyn_dome,2015,0.4187354943883636,211.72244834899902
noRdev,1,dyn_dome,2016,0.426120458335506,211.72244834899902
noRdev,1,dyn_dome,2017,0.42589047823395854,211.72244834899902
noRdev,1,dyn_dome,2018,0.42191798185192564,211.72244834899902
noRdev,1,dyn_dome,2019,0.42044509423749776,211.72244834899902
noRdev,1,dyn_dome,2020,0.4153415707627138,211.72244834899902
noRdev,1,dyn_dome,2021,0.39856387742912425,211.72244834899902
noRdev,1,dyn_dome,2022,0.3550005373197592,211.72244834899902
noRdev,1,dyn_dome,2023,0.3195501256126891,211.72244834899902
noRdev,1,dyn_dome,2024,0.31429042926312545,211.72244834899902
noRdev,1,dyn_dome_Rdev,2005,0.21740736864460883,659.7751524448395
noRdev,1,dyn_dome_Rdev,2006,0.22656101275264523,659.7751524448395
noRdev,1,dyn_dome_Rdev,2007,0.23859216733278388,659.7751524448395
noRdev,1,dyn_dome_Rdev,2008,0.25370015537939133,659.7751524448395
noRdev,1,dyn_dome_Rdev,2009,0.2688259689054242,659.7751524448395
noRdev,1,dyn_dome_Rdev,2010,0.27427369646474614,659.7751524448395
noRdev,1,dyn_dome_Rdev,2011,0.31196474404758484,659.7751524448395
noRdev,1,dyn_dome_Rdev,2012,0.34954270099448287,659.7751524448395
noRdev,1,dyn_dome_Rdev,2013,0.3700196954137602,659.7751524448395
noRdev,1,dyn_dome_Rdev,2014,0.40737690146245253,659.7751524448395
noRdev,1,dyn_dome_Rdev,2015,0.4308516633173772,659.7751524448395
noRdev,1,dyn_dome_Rdev,2016,0.43668837015018636,659.7751524448395
noRdev,1,dyn_dome_Rdev,2017,0.42685102213202825,659.7751524448395
noRdev,1,dyn_dome_Rdev,2018,0.4060500086199443,659.7751524448395
noRdev,1,dyn_dome_Rdev,2019,0.3881787762962818,659.7751524448395
noRdev,1,dyn_dome_Rdev,2020,0.38427082595541007,659.7751524448395
noRdev,1,dyn_dome_Rdev,2021,0.39256328074512487,659.7751524448395
noRdev,1,dyn_dome_Rdev,2022,0.38180635955262615,659.7751524448395
noRdev,1,dyn_dome_Rdev,2023,0.36627419180595583,659.7751524448395
noRdev,1,dyn_dome_Rdev,2024,0.3641405682055518,659.7751524448395
noRdev,1,dyn_dome_Rrw,2005,0.2189061210230526,782.350724697113
noRdev,1,dyn_dome_Rrw,2006,0.22609209685084083,782.350724697113
noRdev,1,dyn_dome_Rrw,2007,0.2351918675911747,782.350724697113
noRdev,1,dyn_dome_Rrw,2008,0.24978060117181158,782.350724697113
noRdev,1,dyn_dome_Rrw,2009,0.2665599868241297,782.350724697113
noRdev,1,dyn_dome_Rrw,2010,0.2719893522707602,782.350724697113
noRdev,1,dyn_dome_Rrw,2011,0.3088847816781098,782.350724697113
noRdev,1,dyn_dome_Rrw,2012,0.3453396047601553,782.350724697113
noRdev,1,dyn_dome_Rrw,2013,0.3645440613693445,782.350724697113
noRdev,1,dyn_dome_Rrw,2014,0.39975007149700015,782.350724697113
noRdev,1,dyn_dome_Rrw,2015,0.4211124504075759,782.350724697113
noRdev,1,dyn_dome_Rrw,2016,0.42552213732106375,782.350724697113
noRdev,1,dyn_dome_Rrw,2017,0.41523628898189363,782.350724697113
noRdev,1,dyn_dome_Rrw,2018,0.39701570977714223,782.350724697113
noRdev,1,dyn_dome_Rrw,2019,0.3852850811777371,782.350724697113
noRdev,1,dyn_dome_Rrw,2020,0.38454189448224096,782.350724697113
noRdev,1,dyn_dome_Rrw,2021,0.387690348879458,782.350724697113
noRdev,1,dyn_dome_Rrw,2022,0.3697433452285667,782.350724697113
noRdev,1,dyn_dome_Rrw,2023,0.3508493048516413,782.350724697113
noRdev,1,dyn_dome_Rrw,2024,0.34904153864409343,782.350724697113
noRdev,2,eq_dome,2005,0.19662631289951205,5.076697587966919
noRdev,2,eq_dome,2006,0.19966635917995265,5.076697587966919
noRdev,2,eq_dome,2007,0.21892056808466062,5.076697587966919
noRdev,2,eq_dome,2008,0.22636841754649617,5.076697587966919
noRdev,2,eq_dome,2009,0.2438853931101199,5.076697587966919
noRdev,2,eq_dome,2010,0.23462303171760718,5.076697587966919
noRdev,2,eq_dome,2011,0.2423063118338507,5.076697587966919
noRdev,2,eq_dome,2012,0.26244667326374616,5.076697587966919
noRdev,2,eq_dome,2013,0.29738243783820784,5.076697587966919
noRdev,2,eq_dome,2014,0.2877212550578177,5.076697587966919
noRdev,2,eq_dome,2015,0.32111534587482254,5.076697587966919
noRdev,2,eq_dome,2016,0.34614913918533097,5.076697587966919
noRdev,2,eq_dome,2017,0.38551366023065853,5.076697587966919
noRdev,2,eq_dome,2018,0.37732993809261395,5.076697587966919
noRdev,2,eq_dome,2019,0.4304327497242556,5.076697587966919
noRdev,2,eq_dome,2020,0.41524005300782496,5.076697587966919
noRdev,2,eq_dome,2021,0.44664580725171305,5.076697587966919
noRdev,2,eq_dome,2022,0.4304650425647306,5.076697587966919
noRdev,2,eq_dome,2023,0.4326919212950837,5.076697587966919
noRdev,2,eq_dome,2024,0.4060894662747495,5.076697587966919
noRdev,2,dyn_dome,2005,0.21895715649972397,267.72278094291687
noRdev,2,dyn_dome,2006,0.2518573875215969,267.72278094291687
noRdev,2,dyn_dome,2007,0.26195073401123664,267.72278094291687
noRdev,2,dyn_dome,2008,0.25430087701479376,267.72278094291687
noRdev,2,dyn_dome,2009,0.2439169044111402,267.72278094291687
noRdev,2,dyn_dome,2010,0.2719342632578189,267.72278094291687
noRdev,2,dyn_dome,2011,0.31952683009706306,267.72278094291687
noRdev,2,dyn_dome,2012,0.35056150243926804,267.72278094291687
noRdev,2,dyn_dome,2013,0.36492394039680964,267.72278094291687
noRdev,2,dyn_dome,2014,0.40086775483462356,267.72278094291687
noRdev,2,dyn_dome,2015,0.4201696004904299,267.72278094291687
noRdev,2,dyn_dome,2016,0.42470694307001355,267.72278094291687
noRdev,2,dyn_dome,2017,0.4304661401603117,267.72278094291687
noRdev,2,dyn_dome,2018,0.43177941323040364,267.72278094291687
noRdev,2,dyn_dome,2019,0.41889448008018576,267.72278094291687
noRdev,2,dyn_dome,2020,0.4056182579613707,267.72278094291687
noRdev,2,dyn_dome,2021,0.38680853663518733,267.72278094291687
noRdev,2,dyn_dome,2022,0.370420646827091,267.72278094291687
noRdev,2,dyn_dome,2023,0.36525324898916883,267.72278094291687
noRdev,2,dyn_dome,2024,0.3653191252617941,267.72278094291687
noRdev,2,dyn_dome_Rdev,2005,0.22585658146265594,686.6284990310669
noRdev,2,dyn_dome_Rdev,2006,0.2489456079735443,686.6284990310669
noRdev,2,dyn_dome_Rdev,2007,0.24936304196254444,686.6284990310669
noRdev,2,dyn_dome_Rdev,2008,0.236368685882855,686.6284990310669
noRdev,2,dyn_dome_Rdev,2009,0.22597921885215222,686.6284990310669
noRdev,2,dyn_dome_Rdev,2010,0.2594513383987487,686.6284990310669
noRdev,2,dyn_dome_Rdev,2011,0.32116275625221724,686.6284990310669
noRdev,2,dyn_dome_Rdev,2012,0.3717008198490407,686.6284990310669
noRdev,2,dyn_dome_Rdev,2013,0.4038474528917206,686.6284990310669
noRdev,2,dyn_dome_Rdev,2014,0.4438356677693095,686.6284990310669
noRdev,2,dyn_dome_Rdev,2015,0.4560514502860052,686.6284990310669
noRdev,2,dyn_dome_Rdev,2016,0.4466312452185924,686.6284990310669
noRdev,2,dyn_dome_Rdev,2017,0.43554106727520536,686.6284990310669
noRdev,2,dyn_dome_Rdev,2018,0.42276254208839564,686.6284990310669
noRdev,2,dyn_dome_Rdev,2019,0.4001949176081179,686.6284990310669
noRdev,2,dyn_dome_Rdev,2020,0.3814023127632431,686.6284990310669
noRdev,2,dyn_dome_Rdev,2021,0.3599716284626221,686.6284990310669
noRdev,2,dyn_dome_Rdev,2022,0.34473599138210087,686.6284990310669
noRdev,2,dyn_dome_Rdev,2023,0.3425162909256596,686.6284990310669
noRdev,2,dyn_dome_Rdev,2024,0.3448749285300529,686.6284990310669
noRdev,2,dyn_dome_Rrw,2005,0.22027356943464796,712.8744146823883
noRdev,2,dyn_dome_Rrw,2006,0.24550099851714535,712.8744146823883
noRdev,2,dyn_dome_Rrw,2007,0.24771518716530422,712.8744146823883
noRdev,2,dyn_dome_Rrw,2008,0.23533603911339498,712.8744146823883
noRdev,2,dyn_dome_Rrw,2009,0.2242786773697959,712.8744146823883
noRdev,2,dyn_dome_Rrw,2010,0.2566634606886186,712.8744146823883
noRdev,2,dyn_dome_Rrw,2011,0.31570477915553813,712.8744146823883
noRdev,2,dyn_dome_Rrw,2012,0.3623023482869633,712.8744146823883
noRdev,2,dyn_dome_Rrw,2013,0.3906942913684606,712.8744146823883
noRdev,2,dyn_dome_Rrw,2014,0.43044672767372044,712.8744146823883
noRdev,2,dyn_dome_Rrw,2015,0.4450130675782694,712.8744146823883
noRdev,2,dyn_dome_Rrw,2016,0.437397093369742,712.8744146823883
noRdev,2,dyn_dome_Rrw,2017,0.42723462167026344,712.8744146823883
noRdev,2,dyn_dome_Rrw,2018,0.4137422797482453,712.8744146823883
noRdev,2,dyn_dome_Rrw,2019,0.38979536844821594,712.8744146823883
noRdev,2,dyn_dome_Rrw,2020,0.3712128856688018,712.8744146823883
noRdev,2,dyn_dome_Rrw,2021,0.35137660560146233,712.8744146823883
noRdev,2,dyn_dome_Rrw,2022,0.33768536815014577,712.8744146823883
noRdev,2,dyn_dome_Rrw,2023,0.3361324048665689,712.8744146823883
noRdev,2,dyn_dome_Rrw,2024,0.3379577771029711,712.8744146823883
noRdev,3,eq_dome,2005,0.21384818553356344,5.160481691360474
noRdev,3,eq_dome,2006,0.22042447106335103,5.160481691360474
noRdev,3,eq_dome,2007,0.217836500199688,5.160481691360474
noRdev,3,eq_dome,2008,0.23204171525984846,5.160481691360474
noRdev,3,eq_dome,2009,0.22670694377678025,5.160481691360474
noRdev,3,eq_dome,2010,0.2450535554935894,5.160481691360474
noRdev,3,eq_dome,2011,0.25107901022130186,5.160481691360474
noRdev,3,eq_dome,2012,0.27543077266820426,5.160481691360474
noRdev,3,eq_dome,2013,0.28439670295060987,5.160481691360474
noRdev,3,eq_dome,2014,0.30479555674773046,5.160481691360474
noRdev,3,eq_dome,2015,0.3310447230916788,5.160481691360474
noRdev,3,eq_dome,2016,0.33812331813885727,5.160481691360474
noRdev,3,eq_dome,2017,0.37180495259375346,5.160481691360474
noRdev,3,eq_dome,2018,0.37995152683797156,5.160481691360474
noRdev,3,eq_dome,2019,0.36575013176443605,5.160481691360474
noRdev,3,eq_dome,2020,0.43643864821675976,5.160481691360474
noRdev,3,eq_dome,2021,0.4195382541024322,5.160481691360474
noRdev,3,eq_dome,2022,0.4157733098242574,5.160481691360474
noRdev,3,eq_dome,2023,0.4039638922599186,5.160481691360474
noRdev,3,eq_dome,2024,0.4890296458856669,5.160481691360474
noRdev,3,dyn_dome,2005,0.23112305538674244,245.3194031715393
noRdev,3,dyn_dome,2006,0.23395692092963927,245.3194031715393
noRdev,3,dyn_dome,2007,0.245238254984516,245.3194031715393
noRdev,3,dyn_dome,2008,0.24321455000351133,245.3194031715393
noRdev,3,dyn_dome,2009,0.25830632312612595,245.3194031715393
noRdev,3,dyn_dome,2010,0.2826428907028896,245.3194031715393
noRdev,3,dyn_dome,2011,0.3088583898354724,245.3194031715393
noRdev,3,dyn_dome,2012,0.3294953107207691,245.3194031715393
noRdev,3,dyn_dome,2013,0.3639735748087489,245.3194031715393
noRdev,3,dyn_dome,2014,0.3947494033124555,245.3194031715393
noRdev,3,dyn_dome,2015,0.41139312187864424,245.3194031715393
noRdev,3,dyn_dome,2016,0.4253272807559095,245.3194031715393
noRdev,3,dyn_dome,2017,0.418285403708534,245.3194031715393
noRdev,3,dyn_dome,2018,0.40676054273451184,245.3194031715393
noRdev,3,dyn_dome,2019,0.40451586793062816,245.3194031715393
noRdev,3,dyn_dome,2020,0.38594439025758215,245.3194031715393
noRdev,3,dyn_dome,2021,0.3986454559001203,245.3194031715393
noRdev,3,dyn_dome,2022,0.44453212776798967,245.3194031715393
noRdev,3,dyn_dome,2023,0.48091917106376947,245.3194031715393
noRdev,3,dyn_dome,2024,0.4880657183832112,245.3194031715393
noRdev,3,dyn_dome_Rdev,2005,0.21591405091490856,682.4438138008118
noRdev,3,dyn_dome_Rdev,2006,0.22871537356338018,682.4438138008118
noRdev,3,dyn_dome_Rdev,2007,0.2504908068611935,682.4438138008118
noRdev,3,dyn_dome_Rdev,2008,0.2545177026892519,682.4438138008118
noRdev,3,dyn_dome_Rdev,2009,0.27300536516277996,682.4438138008118
noRdev,3,dyn_dome_Rdev,2010,0.2990030089774073,682.4438138008118
noRdev,3,dyn_dome_Rdev,2011,0.3209828859910347,682.4438138008118
noRdev,3,dyn_dome_Rdev,2012,0.33098545077469144,682.4438138008118
noRdev,3,dyn_dome_Rdev,2013,0.3491889996468904,682.4438138008118
noRdev,3,dyn_dome_Rdev,2014,0.3653801934938741,682.4438138008118
noRdev,3,dyn_dome_Rdev,2015,0.3756686139567434,682.4438138008118
noRdev,3,dyn_dome_Rdev,2016,0.3940158025281519,682.4438138008118
noRdev,3,dyn_dome_Rdev,2017,0.3975730231307303,682.4438138008118
noRdev,3,dyn_dome_Rdev,2018,0.40449108617370444,682.4438138008118
noRdev,3,dyn_dome_Rdev,2019,0.42734402675476046,682.4438138008118
noRdev,3,dyn_dome_Rdev,2020,0.4296719329279973,682.4438138008118
noRdev,3,dyn_dome_Rdev,2021,0.44249195448428746,682.4438138008118
noRdev,3,dyn_dome_Rdev,2022,0.470242476741665,682.4438138008118
noRdev,3,dyn_dome_Rdev,2023,0.4909764052099926,682.4438138008118
noRdev,3,dyn_dome_Rdev,2024,0.4938670231379488,682.4438138008118
noRdev,3,dyn_dome_Rrw,2005,0.21996693561530006,696.428248167038
noRdev,3,dyn_dome_Rrw,2006,0.23010688735899898,696.428248167038
noRdev,3,dyn_dome_Rrw,2007,0.24950886485718735,696.428248167038
noRdev,3,dyn_dome_Rrw,2008,0.25374500433041336,696.428248167038
noRdev,3,dyn_dome_Rrw,2009,0.272851236579569,696.428248167038
noRdev,3,dyn_dome_Rrw,2010,0.2984368457729664,696.428248167038
noRdev,3,dyn_dome_Rrw,2011,0.3206676244189473,696.428248167038
noRdev,3,dyn_dome_Rrw,2012,0.3312339103463369,696.428248167038
noRdev,3,dyn_dome_Rrw,2013,0.35089911178964084,696.428248167038
noRdev,3,dyn_dome_Rrw,2014,0.3679887158339205,696.428248167038
noRdev,3,dyn_dome_Rrw,2015,0.37737861593289035,696.428248167038
noRdev,3,dyn_dome_Rrw,2016,0.39497294700047925,696.428248167038
noRdev,3,dyn_dome_Rrw,2017,0.39988387694956334,696.428248167038
noRdev,3,dyn_dome_Rrw,2018,0.40803253202252365,696.428248167038
noRdev,3,dyn_dome_Rrw,2019,0.42804817247833865,696.428248167038
noRdev,3,dyn_dome_Rrw,2020,0.4248234780528072,696.428248167038
noRdev,3,dyn_dome_Rrw,2021,0.43593323820951074,696.428248167038
noRdev,3,dyn_dome_Rrw,2022,0.4676777385923789,696.428248167038
noRdev,3,dyn_dome_Rrw,2023,0.4919836384737039,696.428248167038
noRdev,3,dyn_dome_Rrw,2024,0.49606412360544333,696.428248167038
noRdev,4,eq_dome,2005,0.2098538359662745,4.224977254867554
noRdev,4,eq_dome,2006,0.21064056998961905,4.224977254867554
noRdev,4,eq_dome,2007,0.21416572245792626,4.224977254867554
noRdev,4,eq_dome,2008,0.228592258525834,4.224977254867554
noRdev,4,eq_dome,2009,0.2214115719967297,4.224977254867554
noRdev,4,eq_dome,2010,0.23739604794567928,4.224977254867554
noRdev,4,eq_dome,2011,0.252062623003779,4.224977254867554
noRdev,4,eq_dome,2012,0.25053870712245885,4.224977254867554
noRdev,4,eq_dome,2013,0.29118731087493777,4.224977254867554
noRdev,4,eq_dome,2014,0.31937311930236817,4.224977254867554
noRdev,4,eq_dome,2015,0.33091169805907755,4.224977254867554
noRdev,4,eq_dome,2016,0.36895317571685476,4.224977254867554
noRdev,4,eq_dome,2017,0.38745602464904993,4.224977254867554
noRdev,4,eq_dome,2018,0.4008014365138653,4.224977254867554
noRdev,4,eq_dome,2019,0.41570918086834807,4.224977254867554
noRdev,4,eq_dome,2020,0.37047926044858426,4.224977254867554
noRdev,4,eq_dome,2021,0.46243034417194645,4.224977254867554
noRdev,4,eq_dome,2022,0.4401600538494005,4.224977254867554
noRdev,4,eq_dome,2023,0.4140142231847953,4.224977254867554
noRdev,4,eq_dome,2024,0.4410875938519573,4.224977254867554
noRdev,4,dyn_dome,2005,0.2129981555373996,200.18132853507996
noRdev,4,dyn_dome,2006,0.23017277498456382,200.18132853507996
noRdev,4,dyn_dome,2007,0.23433320385724807,200.18132853507996
noRdev,4,dyn_dome,2008,0.2318173136039149,200.18132853507996
noRdev,4,dyn_dome,2009,0.2583645547396366,200.18132853507996
noRdev,4,dyn_dome,2010,0.29693216369771824,200.18132853507996
noRdev,4,dyn_dome,2011,0.3287069704891865,200.18132853507996
noRdev,4,dyn_dome,2012,0.3755717574014943,200.18132853507996
noRdev,4,dyn_dome,2013,0.4046857063660465,200.18132853507996
noRdev,4,dyn_dome,2014,0.4246142048765877,200.18132853507996
noRdev,4,dyn_dome,2015,0.44397708643363515,200.18132853507996
noRdev,4,dyn_dome,2016,0.45107943362567643,200.18132853507996
noRdev,4,dyn_dome,2017,0.4383450416673769,200.18132853507996
noRdev,4,dyn_dome,2018,0.4115245200042912,200.18132853507996
noRdev,4,dyn_dome,2019,0.38918308811113517,200.18132853507996
noRdev,4,dyn_dome,2020,0.3948909944028742,200.18132853507996
noRdev,4,dyn_dome,2021,0.3934368430702018,200.18132853507996
noRdev,4,dyn_dome,2022,0.3967732579814616,200.18132853507996
noRdev,4,dyn_dome,2023,0.4133438306071044,200.18132853507996
noRdev,4,dyn_dome,2024,0.41938978037306146,200.18132853507996
noRdev,4,dyn_dome_Rdev,2005,0.22406040026861104,531.8503842353821
noRdev,4,dyn_dome_Rdev,2006,0.23782660424962762,531.8503842353821
noRdev,4,dyn_dome_Rdev,2007,0.2393598701437667,531.8503842353821
noRdev,4,dyn_dome_Rdev,2008,0.23241261983137304,531.8503842353821
noRdev,4,dyn_dome_Rdev,2009,0.2506856794915249,531.8503842353821
noRdev,4,dyn_dome_Rdev,2010,0.2751073574583605,531.8503842353821
noRdev,4,dyn_dome_Rdev,2011,0.29036833447608545,531.8503842353821
noRdev,4,dyn_dome_Rdev,2012,0.3251725391532344,531.8503842353821
noRdev,4,dyn_dome_Rdev,2013,0.3468957322687409,531.8503842353821
noRdev,4,dyn_dome_Rdev,2014,0.3644962993354275,531.8503842353821
noRdev,4,dyn_dome_Rdev,2015,0.3917264781300725,531.8503842353821
noRdev,4,dyn_dome_Rdev,2016,0.4191603777108379,531.8503842353821
noRdev,4,dyn_dome_Rdev,2017,0.4379872744957762,531.8503842353821
noRdev,4,dyn_dome_Rdev,2018,0.44807461408897004,531.8503842353821
noRdev,4,dyn_dome_Rdev,2019,0.4581033499962499,531.8503842353821
noRdev,4,dyn_dome_Rdev,2020,0.481927014929312,531.8503842353821
noRdev,4,dyn_dome_Rdev,2021,0.48825378226223726,531.8503842353821
noRdev,4,dyn_dome_Rdev,2022,0.4883478167108446,531.8503842353821
noRdev,4,dyn_dome_Rdev,2023,0.49487994417503584,531.8503842353821
noRdev,4,dyn_dome_Rdev,2024,0.4971293796517605,531.8503842353821
noRdev,4,dyn_dome_Rrw,2005,0.21938524797005193,597.8833940029144
noRdev,4,dyn_dome_Rrw,2006,0.23477514118754333,597.8833940029144
noRdev,4,dyn_dome_Rrw,2007,0.23600094815791506,597.8833940029144
noRdev,4,dyn_dome_Rrw,2008,0.22872142792438896,597.8833940029144
noRdev,4,dyn_dome_Rrw,2009,0.2463030795372823,597.8833940029144
noRdev,4,dyn_dome_Rrw,2010,0.27081189229451885,597.8833940029144
noRdev,4,dyn_dome_Rrw,2011,0.286795827599657,597.8833940029144
noRdev,4,dyn_dome_Rrw,2012,0.3197055848009255,597.8833940029144
noRdev,4,dyn_dome_Rrw,2013,0.3381709196368719,597.8833940029144
noRdev,4,dyn_dome_Rrw,2014,0.3547571140100181,597.8833940029144
noRdev,4,dyn_dome_Rrw,2015,0.38246126114910806,597.8833940029144
noRdev,4,dyn_dome_Rrw,2016,0.4096364143048256,597.8833940029144
noRdev,4,dyn_dome_Rrw,2017,0.4279543561041341,597.8833940029144
noRdev,4,dyn_dome_Rrw,2018,0.43813204622652663,597.8833940029144
noRdev,4,dyn_dome_Rrw,2019,0.4487926173373019,597.8833940029144
noRdev,4,dyn_dome_Rrw,2020,0.4719141535051001,597.8833940029144
noRdev,4,dyn_dome_Rrw,2021,0.47668823446507874,597.8833940029144
noRdev,4,dyn_dome_Rrw,2022,0.47680112258121,597.8833940029144
noRdev,4,dyn_dome_Rrw,2023,0.4861156388577294,597.8833940029144
noRdev,4,dyn_dome_Rrw,2024,0.4922849572557699,597.8833940029144
Rdev,1,eq_logistic,2005,0.2531451768951103,1.2751243114471436
Rdev,1,eq_logistic,2006,0.22981710511899148,1.2751243114471436
Rdev,1,eq_logistic,2007,0.2046843993385843,1.2751243114471436
Rdev,1,eq_logistic,2008,0.21134487002066732,1.2751243114471436
Rdev,1,eq_logistic,2009,0.20803076053691386,1.2751243114471436
Rdev,1,eq_logistic,2010,0.21959482819474976,1.2751243114471436
Rdev,1,eq_logistic,2011,0.2316651515007528,1.2751243114471436
Rdev,1,eq_logistic,2012,0.24177842528850985,1.2751243114471436
Rdev,1,eq_logistic,2013,0.26535531426966213,1.2751243114471436
Rdev,1,eq_logistic,2014,0.2727613551527697,1.2751243114471436
Rdev,1,eq_logistic,2015,0.3188348411189653,1.2751243114471436
Rdev,1,eq_logistic,2016,0.34133663017303584,1.2751243114471436
Rdev,1,eq_logistic,2017,0.37861250901654253,1.2751243114471436
Rdev,1,eq_logistic,2018,0.3912772329322424,1.2751243114471436
Rdev,1,eq_logistic,2019,0.42057744609573566,1.2751243114471436
Rdev,1,eq_logistic,2020,0.4058051226690711,1.2751243114471436
Rdev,1,eq_logistic,2021,0.4216260405481231,1.2751243114471436
Rdev,1,eq_logistic,2022,0.4130075928588805,1.2751243114471436
Rdev,1,eq_logistic,2023,0.4331903657181533,1.2751243114471436
Rdev,1,eq_logistic,2024,0.371203144218982,1.2751243114471436
Rdev,1,eq_dome,2005,0.2591900300966018,4.312119007110596
Rdev,1,eq_dome,2006,0.23272322672623688,4.312119007110596
Rdev,1,eq_dome,2007,0.205343043892537,4.312119007110596
Rdev,1,eq_dome,2008,0.21169156678769943,4.312119007110596
Rdev,1,eq_dome,2009,0.20858363541500982,4.312119007110596
Rdev,1,eq_dome,2010,0.2215779535540304,4.312119007110596
Rdev,1,eq_dome,2011,0.23504945303197636,4.312119007110596
Rdev,1,eq_dome,2012,0.24665005645917112,4.312119007110596
Rdev,1,eq_dome,2013,0.2744322440816014,4.312119007110596
Rdev,1,eq_dome,2014,0.2837790483724683,4.312119007110596
Rdev,1,eq_dome,2015,0.34965254835980875,4.312119007110596
Rdev,1,eq_dome,2016,0.38805673673143787,4.312119007110596
Rdev,1,eq_dome,2017,0.4511371388028635,4.312119007110596
Rdev,1,eq_dome,2018,0.4779486013644217,4.312119007110596
Rdev,1,eq_dome,2019,0.5281608848382847,4.312119007110596
Rdev,1,eq_dome,2020,0.5022606800694168,4.312119007110596
Rdev,1,eq_dome,2021,0.5244718222496705,4.312119007110596
Rdev,1,eq_dome,2022,0.5087241501138138,4.312119007110596
Rdev,1,eq_dome,2023,0.5313448576676634,4.312119007110596
Rdev,1,eq_dome,2024,0.429205117246788,4.312119007110596
Rdev,1,dyn_logistic,2005,0.22245759413675195,66.58339762687683
Rdev,1,dyn_logistic,2006,0.17232220272634036,66.58339762687683
Rdev,1,dyn_logistic,2007,0.18524998782830468,66.58339762687683
Rdev,1,dyn_logistic,2008,0.2197862556116246,66.58339762687683
Rdev,1,dyn_logistic,2009,0.2632620872688176,66.58339762687683
Rdev,1,dyn_logistic,2010,0.2725930984151054,66.58339762687683
Rdev,1,dyn_logistic,2011,0.2861888177893656,66.58339762687683
Rdev,1,dyn_logistic,2012,0.35193978352624505,66.58339762687683
Rdev,1,dyn_logistic,2013,0.4561969621569665,66.58339762687683
Rdev,1,dyn_logistic,2014,0.5572371125677691,66.58339762687683
Rdev,1,dyn_logistic,2015,0.5951760486295468,66.58339762687683
Rdev,1,dyn_logistic,2016,0.5808702668967067,66.58339762687683
Rdev,1,dyn_logistic,2017,0.5388058146730745,66.58339762687683
Rdev,1,dyn_logistic,2018,0.4916177582604789,66.58339762687683
Rdev,1,dyn_logistic,2019,0.455796159960918,66.58339762687683
Rdev,1,dyn_logistic,2020,0.4310746341465902,66.58339762687683
Rdev,1,dyn_logistic,2021,0.39614490963110965,66.58339762687683
Rdev,1,dyn_logistic,2022,0.330895428758887,66.58339762687683
Rdev,1,dyn_logistic,2023,0.29279881351005244,66.58339762687683
Rdev,1,dyn_logistic,2024,0.29023361641325734,66.58339762687683
Rdev,1,dyn_dome,2005,0.22164788644009395,220.39357256889343
Rdev,1,dyn_dome,2006,0.17220087121455677,220.39357256889343
Rdev,1,dyn_dome,2007,0.18564287065378218,220.39357256889343
Rdev,1,dyn_dome,2008,0.21898996107704255,220.39357256889343
Rdev,1,dyn_dome,2009,0.26170178106298153,220.39357256889343
Rdev,1,dyn_dome,2010,0.2729190800278721,220.39357256889343
Rdev,1,dyn_dome,2011,0.28690378274073347,220.39357256889343
Rdev,1,dyn_dome,2012,0.352139019966887,220.39357256889343
Rdev,1,dyn_dome,2013,0.4564532132938354,220.39357256889343
Rdev,1,dyn_dome,2014,0.5593583704431883,220.39357256889343
Rdev,1,dyn_dome,2015,0.5990865722879,220.39357256889343
Rdev,1,dyn_dome,2016,0.5854240440007693,220.39357256889343
Rdev,1,dyn_dome,2017,0.5434926691192549,220.39357256889343
Rdev,1,dyn_dome,2018,0.49479333119032276,220.39357256889343
Rdev,1,dyn_dome,2019,0.45578666841695287,220.39357256889343
Rdev,1,dyn_dome,2020,0.4300373391821917,220.39357256889343
Rdev,1,dyn_dome,2021,0.3964611984083138,220.39357256889343
Rdev,1,dyn_dome,2022,0.33128713719713554,220.39357256889343
Rdev,1,dyn_dome,2023,0.2929613973148632,220.39357256889343
Rdev,1,dyn_dome,2024,0.28976839652585773,220.39357256889343
Rdev,1,dyn_dome_Rdev,2005,0.19972968769663105,703.2966122627258
Rdev,1,dyn_dome_Rdev,2006,0.1978688710352169,703.2966122627258
Rdev,1,dyn_dome_Rdev,2007,0.2267543096430234,703.2966122627258
Rdev,1,dyn_dome_Rdev,2008,0.24594335717472188,703.2966122627258
Rdev,1,dyn_dome_Rdev,2009,0.26792659042025824,703.2966122627258
Rdev,1,dyn_dome_Rdev,2010,0.27532492879456794,703.2966122627258
Rdev,1,dyn_dome_Rdev,2011,0.2904989025691226,703.2966122627258
Rdev,1,dyn_dome_Rdev,2012,0.3323286527119731,703.2966122627258
Rdev,1,dyn_dome_Rdev,2013,0.3860504565281114,703.2966122627258
Rdev,1,dyn_dome_Rdev,2014,0.45291332987625915,703.2966122627258
Rdev,1,dyn_dome_Rdev,2015,0.4831071555431255,703.2966122627258
Rdev,1,dyn_dome_Rdev,2016,0.4862191900819267,703.2966122627258
Rdev,1,dyn_dome_Rdev,2017,0.4780097385810186,703.2966122627258
Rdev,1,dyn_dome_Rdev,2018,0.4563515673821745,703.2966122627258
Rdev,1,dyn_dome_Rdev,2019,0.42559460690881956,703.2966122627258
Rdev,1,dyn_dome_Rdev,2020,0.40365681343656434,703.2966122627258
Rdev,1,dyn_dome_Rdev,2021,0.38639064152090435,703.2966122627258
Rdev,1,dyn_dome_Rdev,2022,0.34767077787371026,703.2966122627258
Rdev,1,dyn_dome_Rdev,2023,0.3301479227227622,703.2966122627258
Rdev,1,dyn_dome_Rdev,2024,0.331209647020143,703.2966122627258
Rdev,1,dyn_dome_Rrw,2005,0.21791441636472242,692.7260177135468
Rdev,1,dyn_dome_Rrw,2006,0.19735000340204245,692.7260177135468
Rdev,1,dyn_dome_Rrw,2007,0.22218181309492155,692.7260177135468
Rdev,1,dyn_dome_Rrw,2008,0.250788737267046,692.7260177135468
Rdev,1,dyn_dome_Rrw,2009,0.2829596543601056,692.7260177135468
Rdev,1,dyn_dome_Rrw,2010,0.28874146414367075,692.7260177135468
Rdev,1,dyn_dome_Rrw,2011,0.2934874935825426,692.7260177135468
Rdev,1,dyn_dome_Rrw,2012,0.3326054444434106,692.7260177135468
Rdev,1,dyn_dome_Rrw,2013,0.3959019391903238,692.7260177135468
Rdev,1,dyn_dome_Rrw,2014,0.47348916274275593,692.7260177135468
Rdev,1,dyn_dome_Rrw,2015,0.5064404752034417,692.7260177135468
Rdev,1,dyn_dome_Rrw,2016,0.5024247975372562,692.7260177135468
Rdev,1,dyn_dome_Rrw,2017,0.48468012914563186,692.7260177135468
Rdev,1,dyn_dome_Rrw,2018,0.4614210565473011,692.7260177135468
Rdev,1,dyn_dome_Rrw,2019,0.4377954781834174,692.7260177135468
Rdev,1,dyn_dome_Rrw,2020,0.42236644504601545,692.7260177135468
Rdev,1,dyn_dome_Rrw,2021,0.4024379110137146,692.7260177135468
Rdev,1,dyn_dome_Rrw,2022,0.35569864782588256,692.7260177135468
Rdev,1,dyn_dome_Rrw,2023,0.3319165256715512,692.7260177135468
Rdev,1,dyn_dome_Rrw,2024,0.3313008275501441,692.7260177135468
Rdev,2,eq_dome,2005,0.19177366078232067,7.807117223739624
Rdev,2,eq_dome,2006,0.20955060718258178,7.807117223739624
Rdev,2,eq_dome,2007,0.23641481658057242,7.807117223739624
Rdev,2,eq_dome,2008,0.2549435616989043,7.807117223739624
Rdev,2,eq_dome,2009,0.26714051697478963,7.807117223739624
Rdev,2,eq_dome,2010,0.2520745054432353,7.807117223739624
Rdev,2,eq_dome,2011,0.24771213272410372,7.807117223739624
Rdev,2,eq_dome,2012,0.2554913482122063,7.807117223739624
Rdev,2,eq_dome,2013,0.2849571679229532,7.807117223739624
Rdev,2,eq_dome,2014,0.2755046587429644,7.807117223739624
Rdev,2,eq_dome,2015,0.3619699726263853,7.807117223739624
Rdev,2,eq_dome,2016,0.39877402284902946,7.807117223739624
Rdev,2,eq_dome,2017,0.439063321640692,7.807117223739624
Rdev,2,eq_dome,2018,0.4458210369606996,7.807117223739624
Rdev,2,eq_dome,2019,0.47975374928840053,7.807117223739624
Rdev,2,eq_dome,2020,0.4926545548869916,7.807117223739624
Rdev,2,eq_dome,2021,0.48208207347593013,7.807117223739624
Rdev,2,eq_dome,2022,0.4991202614810945,7.807117223739624
Rdev,2,eq_dome,2023,0.5088596447631242,7.807117223739624
Rdev,2,eq_dome,2024,0.501656791475648,7.807117223739624
Rdev,2,dyn_dome,2005,0.2772056762666908,184.31856632232666
Rdev,2,dyn_dome,2006,0.3375312090356302,184.31856632232666
Rdev,2,dyn_dome,2007,0.3290495769177345,184.31856632232666
Rdev,2,dyn_dome,2008,0.2671784288390851,184.31856632232666
Rdev,2,dyn_dome,2009,0.21648476323315713,184.31856632232666
Rdev,2,dyn_dome,2010,0.2217307050823039,184.31856632232666
Rdev,2,dyn_dome,2011,0.290681461130935,184.31856632232666
Rdev,2,dyn_dome,2012,0.3923600816900324,184.31856632232666
Rdev,2,dyn_dome,2013,0.4833749739805042,184.31856632232666
Rdev,2,dyn_dome,2014,0.5526016069490258,184.31856632232666
Rdev,2,dyn_dome,2015,0.5596725171039191,184.31856632232666
Rdev,2,dyn_dome,2016,0.5213680721263543,184.31856632232666
Rdev,2,dyn_dome,2017,0.4596108107935158,184.31856632232666
Rdev,2,dyn_dome,2018,0.39885661486917723,184.31856632232666
Rdev,2,dyn_dome,2019,0.3877963667452738,184.31856632232666
Rdev,2,dyn_dome,2020,0.444276263485823,184.31856632232666
Rdev,2,dyn_dome,2021,0.48865938068704234,184.31856632232666
Rdev,2,dyn_dome,2022,0.4873356441695917,184.31856632232666
Rdev,2,dyn_dome,2023,0.4605898625420834,184.31856632232666
Rdev,2,dyn_dome,2024,0.45074934047573884,184.31856632232666
Rdev,2,dyn_dome_Rdev,2005,0.23296754706620837,511.43414330482483
Rdev,2,dyn_dome_Rdev,2006,0.2420954823383115,511.43414330482483
Rdev,2,dyn_dome_Rdev,2007,0.24080851632009326,511.43414330482483
Rdev,2,dyn_dome_Rdev,2008,0.23875371541163862,511.43414330482483
Rdev,2,dyn_dome_Rdev,2009,0.2436167440433253,511.43414330482483
Rdev,2,dyn_dome_Rdev,2010,0.2604977566523805,511.43414330482483
Rdev,2,dyn_dome_Rdev,2011,0.30433948485505014,511.43414330482483
Rdev,2,dyn_dome_Rdev,2012,0.3617156623422256,511.43414330482483
Rdev,2,dyn_dome_Rdev,2013,0.4190105200896414,511.43414330482483
Rdev,2,dyn_dome_Rdev,2014,0.48867764069770936,511.43414330482483
Rdev,2,dyn_dome_Rdev,2015,0.5243225781602507,511.43414330482483
Rdev,2,dyn_dome_Rdev,2016,0.5460237491102305,511.43414330482483
Rdev,2,dyn_dome_Rdev,2017,0.5626982590147798,511.43414330482483
Rdev,2,dyn_dome_Rdev,2018,0.5601166513303417,511.43414330482483
Rdev,2,dyn_dome_Rdev,2019,0.5404539702911058,511.43414330482483
Rdev,2,dyn_dome_Rdev,2020,0.5202785719215903,511.43414330482483
Rdev,2,dyn_dome_Rdev,2021,0.4866396458458028,511.43414330482483
Rdev,2,dyn_dome_Rdev,2022,0.4428730436628693,511.43414330482483
Rdev,2,dyn_dome_Rdev,2023,0.4105440978493063,511.43414330482483
Rdev,2,dyn_dome_Rdev,2024,0.4034100990431876,511.43414330482483
Rdev,2,dyn_dome_Rrw,2005,0.22523637847534184,608.5605952739716
Rdev,2,dyn_dome_Rrw,2006,0.26097882759380586,608.5605952739716
Rdev,2,dyn_dome_Rrw,2007,0.26123130545486034,608.5605952739716
Rdev,2,dyn_dome_Rrw,2008,0.24070323922817663,608.5605952739716
Rdev,2,dyn_dome_Rrw,2009,0.232727469123933,608.5605952739716
Rdev,2,dyn_dome_Rrw,2010,0.25434558011110053,608.5605952739716
Rdev,2,dyn_dome_Rrw,2011,0.31264583199540424,608.5605952739716
Rdev,2,dyn_dome_Rrw,2012,0.3827011030615167,608.5605952739716
Rdev,2,dyn_dome_Rrw,2013,0.4453849140570061,608.5605952739716
Rdev,2,dyn_dome_Rrw,2014,0.5164646611827854,608.5605952739716
Rdev,2,dyn_dome_Rrw,2015,0.5551049304157892,608.5605952739716
Rdev,2,dyn_dome_Rrw,2016,0.5766877762847529,608.5605952739716
Rdev,2,dyn_dome_Rrw,2017,0.5871367068332203,608.5605952739716
Rdev,2,dyn_dome_Rrw,2018,0.5790199466380616,608.5605952739716
Rdev,2,dyn_dome_Rrw,2019,0.5647478048567054,608.5605952739716
Rdev,2,dyn_dome_Rrw,2020,0.5632628519100135,608.5605952739716
Rdev,2,dyn_dome_Rrw,2021,0.5517778514537206,608.5605952739716
Rdev,2,dyn_dome_Rrw,2022,0.5200221836297552,608.5605952739716
Rdev,2,dyn_dome_Rrw,2023,0.4895401716528608,608.5605952739716
Rdev,2,dyn_dome_Rrw,2024,0.4856666978512779,608.5605952739716
Rdev,3,eq_dome,2005,0.20553560547878832,5.809313774108887
Rdev,3,eq_dome,2006,0.21430609431049163,5.809313774108887
Rdev,3,eq_dome,2007,0.21755914830363926,5.809313774108887
Rdev,3,eq_dome,2008,0.23674577309845016,5.809313774108887
Rdev,3,eq_dome,2009,0.25603971181294594,5.809313774108887
Rdev,3,eq_dome,2010,0.2628252750299062,5.809313774108887
Rdev,3,eq_dome,2011,0.26604273003401774,5.809313774108887
Rdev,3,eq_dome,2012,0.29774037393847486,5.809313774108887
Rdev,3,eq_dome,2013,0.2945589081245803,5.809313774108887
Rdev,3,eq_dome,2014,0.31817126767223575,5.809313774108887
Rdev,3,eq_dome,2015,0.3632620147925085,5.809313774108887
Rdev,3,eq_dome,2016,0.43414396718848536,5.809313774108887
Rdev,3,eq_dome,2017,0.4792805472234846,5.809313774108887
Rdev,3,eq_dome,2018,0.5490616918939287,5.809313774108887
Rdev,3,eq_dome,2019,0.511870212334273,5.809313774108887
Rdev,3,eq_dome,2020,0.44625229048201925,5.809313774108887
Rdev,3,eq_dome,2021,0.5023051638903966,5.809313774108887
Rdev,3,eq_dome,2022,0.4859251437394424,5.809313774108887
Rdev,3,eq_dome,2023,0.4545329344049533,5.809313774108887
Rdev,3,eq_dome,2024,0.4473081518022116,5.809313774108887
Rdev,3,dyn_dome,2005,0.22872860351253652,211.36738204956055
Rdev,3,dyn_dome,2006,0.2511352434910919,211.36738204956055
Rdev,3,dyn_dome,2007,0.28962512535361123,211.36738204956055
Rdev,3,dyn_dome,2008,0.29924546437765615,211.36738204956055
Rdev,3,dyn_dome,2009,0.27293945429213223,211.36738204956055
Rdev,3,dyn_dome,2010,0.2708912382622118,211.36738204956055
Rdev,3,dyn_dome,2011,0.31150188226264997,211.36738204956055
Rdev,3,dyn_dome,2012,0.3749931662827446,211.36738204956055
Rdev,3,dyn_dome,2013,0.4823047540129554,211.36738204956055
Rdev,3,dyn_dome,2014,0.5901295097490216,211.36738204956055
Rdev,3,dyn_dome,2015,0.646192664768163,211.36738204956055
Rdev,3,dyn_dome,2016,0.6364194186017467,211.36738204956055
Rdev,3,dyn_dome,2017,0.5659663667379781,211.36738204956055
Rdev,3,dyn_dome,2018,0.4511428201049638,211.36738204956055
Rdev,3,dyn_dome,2019,0.3687243399843077,211.36738204956055
Rdev,3,dyn_dome,2020,0.3664482699213074,211.36738204956055
Rdev,3,dyn_dome,2021,0.38179572099083736,211.36738204956055
Rdev,3,dyn_dome,2022,0.3667771716859534,211.36738204956055
Rdev,3,dyn_dome,2023,0.32713192832140553,211.36738204956055
Rdev,3,dyn_dome,2024,0.3106122624436436,211.36738204956055
Rdev,3,dyn_dome_Rdev,2005,0.21731197276889086,484.6504349708557
Rdev,3,dyn_dome_Rdev,2006,0.23090015527609098,484.6504349708557
Rdev,3,dyn_dome_Rdev,2007,0.26741899209347425,484.6504349708557
Rdev,3,dyn_dome_Rdev,2008,0.2885279681002593,484.6504349708557
Rdev,3,dyn_dome_Rdev,2009,0.2915479600032106,484.6504349708557
Rdev,3,dyn_dome_Rdev,2010,0.31930886954008547,484.6504349708557
Rdev,3,dyn_dome_Rdev,2011,0.3606568048358813,484.6504349708557
Rdev,3,dyn_dome_Rdev,2012,0.3801452885129223,484.6504349708557
Rdev,3,dyn_dome_Rdev,2013,0.41277378745989446,484.6504349708557
Rdev,3,dyn_dome_Rdev,2014,0.46631597600991215,484.6504349708557
Rdev,3,dyn_dome_Rdev,2015,0.5093546561210889,484.6504349708557
Rdev,3,dyn_dome_Rdev,2016,0.5179183417161856,484.6504349708557
Rdev,3,dyn_dome_Rdev,2017,0.50192684498751,484.6504349708557
Rdev,3,dyn_dome_Rdev,2018,0.47189870988534294,484.6504349708557
Rdev,3,dyn_dome_Rdev,2019,0.4595442488723438,484.6504349708557
Rdev,3,dyn_dome_Rdev,2020,0.47734762470886516,484.6504349708557
Rdev,3,dyn_dome_Rdev,2021,0.49305351419971094,484.6504349708557
Rdev,3,dyn_dome_Rdev,2022,0.4887251495332962,484.6504349708557
Rdev,3,dyn_dome_Rdev,2023,0.4702931791693354,484.6504349708557
Rdev,3,dyn_dome_Rdev,2024,0.46304364906647566,484.6504349708557
Rdev,3,dyn_dome_Rrw,2005,0.21383773997849295,588.246523141861
Rdev,3,dyn_dome_Rrw,2006,0.22650215014054523,588.246523141861
Rdev,3,dyn_dome_Rrw,2007,0.26302384601360285,588.246523141861
Rdev,3,dyn_dome_Rrw,2008,0.28132567422332266,588.246523141861
Rdev,3,dyn_dome_Rrw,2009,0.2757647774120986,588.246523141861
Rdev,3,dyn_dome_Rrw,2010,0.29414513452856805,588.246523141861
Rdev,3,dyn_dome_Rrw,2011,0.33127413706200204,588.246523141861
Rdev,3,dyn_dome_Rrw,2012,0.35162393994486113,588.246523141861
Rdev,3,dyn_dome_Rrw,2013,0.3902176965509305,588.246523141861
Rdev,3,dyn_dome_Rrw,2014,0.4519909219528774,588.246523141861
Rdev,3,dyn_dome_Rrw,2015,0.5013680472101827,588.246523141861
Rdev,3,dyn_dome_Rrw,2016,0.5103943964420657,588.246523141861
Rdev,3,dyn_dome_Rrw,2017,0.4865869436582847,588.246523141861
Rdev,3,dyn_dome_Rrw,2018,0.44605939471326383,588.246523141861
Rdev,3,dyn_dome_Rrw,2019,0.4339066711009737,588.246523141861
Rdev,3,dyn_dome_Rrw,2020,0.4648922834271899,588.246523141861
Rdev,3,dyn_dome_Rrw,2021,0.49382480083232955,588.246523141861
Rdev,3,dyn_dome_Rrw,2022,0.4938071829879592,588.246523141861
Rdev,3,dyn_dome_Rrw,2023,0.4718015540469997,588.246523141861
Rdev,3,dyn_dome_Rrw,2024,0.46173240508819885,588.246523141861
Rdev,4,eq_dome,2005,0.21887663734505686,4.99159574508667
Rdev,4,eq_dome,2006,0.22623442066029692,4.99159574508667
Rdev,4,eq_dome,2007,0.2392801990759517,4.99159574508667
Rdev,4,eq_dome,2008,0.24827198942106848,4.99159574508667
Rdev,4,eq_dome,2009,0.2463443792562549,4.99159574508667
Rdev,4,eq_dome,2010,0.24192145167730028,4.99159574508667
Rdev,4,eq_dome,2011,0.2471352293438516,4.99159574508667
Rdev,4,eq_dome,2012,0.232716983327742,4.99159574508667
Rdev,4,eq_dome,2013,0.25815133646397437,4.99159574508667
Rdev,4,eq_dome,2014,0.27960233477273366,4.99159574508667
Rdev,4,eq_dome,2015,0.2855721609539474,4.99159574508667
Rdev,4,eq_dome,2016,0.31753373772051374,4.99159574508667
Rdev,4,eq_dome,2017,0.35572268493344145,4.99159574508667
Rdev,4,eq_dome,2018,0.4134941506019569,4.99159574508667
Rdev,4,eq_dome,2019,0.43652426465751376,4.99159574508667
Rdev,4,eq_dome,2020,0.3768289134768826,4.99159574508667
Rdev,4,eq_dome,2021,0.42814283334073083,4.99159574508667
Rdev,4,eq_dome,2022,0.44165298244776857,4.99159574508667
Rdev,4,eq_dome,2023,0.43756095425417024,4.99159574508667
Rdev,4,eq_dome,2024,0.4770573021924712,4.99159574508667
Rdev,4,dyn_dome,2005,0.25751034107066734,260.5387589931488
Rdev,4,dyn_dome,2006,0.2772656455481001,260.5387589931488
Rdev,4,dyn_dome,2007,0.2718555366238422,260.5387589931488
Rdev,4,dyn_dome,2008,0.24464275626494333,260.5387589931488
Rdev,4,dyn_dome,2009,0.23349707324505983,260.5387589931488
Rdev,4,dyn_dome,2010,0.24060609790368617,260.5387589931488
Rdev,4,dyn_dome,2011,0.24736545917628977,260.5387589931488
Rdev,4,dyn_dome,2012,0.2779150756092484,260.5387589931488
Rdev,4,dyn_dome,2013,0.31452662761395384,260.5387589931488
Rdev,4,dyn_dome,2014,0.38753273401855337,260.5387589931488
Rdev,4,dyn_dome,2015,0.47349913794776566,260.5387589931488
Rdev,4,dyn_dome,2016,0.5109289525138817,260.5387589931488
Rdev,4,dyn_dome,2017,0.4781139757433309,260.5387589931488
Rdev,4,dyn_dome,2018,0.38667878206119977,260.5387589931488
Rdev,4,dyn_dome,2019,0.3226713866889841,260.5387589931488
Rdev,4,dyn_dome,2020,0.37475476095057547,260.5387589931488
Rdev,4,dyn_dome,2021,0.45089393499597613,260.5387589931488
Rdev,4,dyn_dome,2022,0.5053976911969622,260.5387589931488
Rdev,4,dyn_dome,2023,0.5415693429908252,260.5387589931488
Rdev,4,dyn_dome,2024,0.5495872346299454,260.5387589931488
Rdev,4,dyn_dome_Rdev,2005,0.2301418003064064,579.523551940918
Rdev,4,dyn_dome_Rdev,2006,0.2518707218680203,579.523551940918
Rdev,4,dyn_dome_Rdev,2007,0.25084758575067845,579.523551940918
Rdev,4,dyn_dome_Rdev,2008,0.23319173402480287,579.523551940918
Rdev,4,dyn_dome_Rdev,2009,0.2384275105737563,579.523551940918
Rdev,4,dyn_dome_Rdev,2010,0.27064894115340754,579.523551940918
Rdev,4,dyn_dome_Rdev,2011,0.3049904109626179,579.523551940918
Rdev,4,dyn_dome_Rdev,2012,0.34752607520562967,579.523551940918
Rdev,4,dyn_dome_Rdev,2013,0.36378630273002616,579.523551940918
Rdev,4,dyn_dome_Rdev,2014,0.3774136500322411,579.523551940918
Rdev,4,dyn_dome_Rdev,2015,0.40404414231208907,579.523551940918
Rdev,4,dyn_dome_Rdev,2016,0.4235479952496942,579.523551940918
Rdev,4,dyn_dome_Rdev,2017,0.42533907635830964,579.523551940918
Rdev,4,dyn_dome_Rdev,2018,0.39733886742125224,579.523551940918
Rdev,4,dyn_dome_Rdev,2019,0.37017785347257587,579.523551940918
Rdev,4,dyn_dome_Rdev,2020,0.3863813491145875,579.523551940918
Rdev,4,dyn_dome_Rdev,2021,0.39035456109385847,579.523551940918
Rdev,4,dyn_dome_Rdev,2022,0.3853669695968102,579.523551940918
Rdev,4,dyn_dome_Rdev,2023,0.4009562250115359,579.523551940918
Rdev,4,dyn_dome_Rdev,2024,0.4081760147846162,579.523551940918
Rdev,4,dyn_dome_Rrw,2005,0.2345333595175452,703.9143965244293
Rdev,4,dyn_dome_Rrw,2006,0.25536514063802157,703.9143965244293
Rdev,4,dyn_dome_Rrw,2007,0.25478522278133137,703.9143965244293
Rdev,4,dyn_dome_Rrw,2008,0.237388145128911,703.9143965244293
Rdev,4,dyn_dome_Rrw,2009,0.24217867419523242,703.9143965244293
Rdev,4,dyn_dome_Rrw,2010,0.2726731270698492,703.9143965244293
Rdev,4,dyn_dome_Rrw,2011,0.3046824628513064,703.9143965244293
Rdev,4,dyn_dome_Rrw,2012,0.343395512611,703.9143965244293
Rdev,4,dyn_dome_Rrw,2013,0.35941047251857045,703.9143965244293
Rdev,4,dyn_dome_Rrw,2014,0.3822650997996834,703.9143965244293
Rdev,4,dyn_dome_Rrw,2015,0.4230834034921734,703.9143965244293
Rdev,4,dyn_dome_Rrw,2016,0.448422332734573,703.9143965244293
Rdev,4,dyn_dome_Rrw,2017,0.43923126545645846,703.9143965244293
Rdev,4,dyn_dome_Rrw,2018,0.39094499085028356,703.9143965244293
Rdev,4,dyn_dome_Rrw,2019,0.3533167929874857,703.9143965244293
Rdev,4,dyn_dome_Rrw,2020,0.38156548042758065,703.9143965244293
Rdev,4,dyn_dome_Rrw,2021,0.40609937296649695,703.9143965244293
Rdev,4,dyn_dome_Rrw,2022,0.414146843282757,703.9143965244293
Rdev,4,dyn_dome_Rrw,2023,0.4309692886036786,703.9143965244293
Rdev,4,dyn_dome_Rrw,2024,0.43685886637638793,703.9143965244293
