3.51482219871e-10,4.03142101389e-09,3.99110022898e-08,3.40997755639e-07,2.5140406369e-06,1.59912799059e-05,8.77400792828e-05,0.000415141517227,0.00169297496026,0.00594282581252,0.0178928481029,0.045793327575,0.0976764659449,0.167492697767,0.21912064107,0.206890416868,0.136631948481,0.0644545679021,0.0238133914216,0.008190819728,0.00269433237058,0.000844566159128,0.00025127033653,7.06183923942e-05,1.86366506059e-05,4.58172357055e-06,1.03772731589e-06,2.13126246541e-07,3.87836778273e-08,6.04344529075e-09,7.65933748701e-10,7.28628798082e-11,4.55501575587e-12,1.46658577077e-13
3.56563297025e-10,4.08969981162e-09,4.04879614326e-08,3.45927267501e-07,2.55038394401e-06,1.62224510606e-05,8.90084253773e-05,0.000421141899798,0.00171743001499,0.00602845881815,0.0181484432285,0.0464300674482,0.09893651304,0.169269427632,0.220459490354,0.206589963138,0.134942180081,0.0627806488364,0.0228425494865,0.00773615251453,0.00250563315901,0.000773294124595,0.000226490103436,6.26526266255e-05,1.62691013031e-05,3.93345841292e-06,8.75446267388e-07,1.76464656604e-07,3.14613804852e-08,4.79107475116e-09,5.91336616093e-10,5.45127415488e-11,3.2786866377e-12,1.00416070257e-13
2.91012980533e-10,3.33785261059e-09,3.30446864489e-08,2.82332274272e-07,2.08152360467e-06,1.32401395276e-05,7.26455710999e-05,0.0003437295069,0.00140189477699,0.00492307491484,0.014843953356,0.0381578211321,0.0823435461646,0.145017406503,0.199979820795,0.206497056063,0.155459486307,0.0865739222601,0.0384373249575,0.0159329819253,0.00632102741422,0.00239221436699,0.000860569707433,0.000293084852768,9.40450801287e-05,2.82605704427e-05,7.888596278e-06,2.02214538047e-06,4.68062572752e-07,9.53709287548e-08,1.64442154966e-08,2.25268467089e-09,2.20483540677e-10,1.26813786784e-11
2.59469853509e-10,2.97606012751e-09,2.94629467809e-08,2.51730057517e-07,1.85590571704e-06,1.18050350045e-05,6.47716215702e-05,0.00030647658916,0.00125002439615,0.00439066870374,0.0132484102469,0.034132972629,0.0740981417347,0.132293509427,0.187452011294,0.202754512281,0.163448279829,0.0993154533266,0.0485881083704,0.0222408565504,0.00975285426453,0.0040837128952,0.0016270429714,0.000614440292388,0.000218958613176,7.32320979315e-05,2.28283055438e-05,6.56930478776e-06,1.72103418783e-06,4.01879770348e-07,8.09103861416e-08,1.3306145276e-08,1.63009382539e-09,1.25387819831e-10
2.31175176052e-10,2.6515266211e-09,2.62500703688e-08,2.242793909e-07,1.65352292677e-06,1.05177228156e-05,5.77085305053e-05,0.000273059220096,0.00111377628865,0.00391282693954,0.011814254272,0.0304985513082,0.0665579393217,0.120279655747,0.174587033975,0.196820674649,0.168700948053,0.11088469587,0.0592271122537,0.0296702170089,0.0142572150195,0.00654969306854,0.00286640586459,0.00119044651491,0.000467163010406,0.000172360538782,5.94200380334e-05,1.89844919437e-05,5.55629679944e-06,1.46374785333e-06,3.37568844962e-07,6.50933187046e-08,9.69243733016e-09,9.60007056901e-10
2.23098536841e-10,2.55888940878e-09,2.53329634793e-08,2.1644367224e-07,1.59575330244e-06,1.01502628552e-05,5.5692384193e-05,0.000263520164944,0.00107488155336,0.00377638292288,0.0114043765019,0.0294569803424,0.0643806991183,0.11674468809,0.170618169789,0.194623684241,0.169762203428,0.114119273649,0.0625106380752,0.0321395078147,0.015857503066,0.00748317441442,0.00336540990344,0.00143684240447,0.000579878232964,0.000220129151953,7.81308013012e-05,2.5725470629e-05,7.77153356269e-06,2.11858075515e-06,5.07635448993e-07,1.02350365926e-07,1.60941364931e-08,1.71079969434e-09
2.08347547248e-10,2.38969891762e-09,2.36579803786e-08,2.02132694375e-07,1.49024417421e-06,9.47914216823e-06,5.20101337003e-05,0.000246098073757,0.00100384160353,0.00352713323828,0.0106552157712,0.0275499779152,0.0603757671579,0.110166242662,0.16301727239,0.189982655152,0.17109144303,0.119841357154,0.0687488462171,0.0370754908285,0.0192055747232,0.00952359943862,0.00450424938209,0.00202388380506,0.000860251550987,0.000344221668523,0.000128922480539,4.48669451573e-05,1.43638113481e-05,4.16751688293e-06,1.0702477995e-06,2.33863009262e-07,4.0567674637e-08,4.89737502843e-09
1.77122850964e-10,2.0315587625e-09,2.01123986856e-08,1.71839408699e-07,1.26690385312e-06,8.05852209273e-06,4.42155665132e-05,0.000209218474366,0.000853450493103,0.00299930828329,0.00906700399329,0.0234934148798,0.0517773171659,0.0957152515338,0.145371202402,0.177231759825,0.170750236113,0.130515104394,0.0826259258414,0.0493645012569,0.0284016940417,0.0156793819419,0.00827333545037,0.00415522962716,0.00197759338258,0.000887566803502,0.000373612841261,0.000146550903617,5.31225907883e-05,1.75856411148e-05,5.21961049509e-06,1.34678833922e-06,2.85786413102e-07,4.47809745106e-08
1.49915769666e-10,1.71949973625e-09,1.70230194129e-08,1.45443895074e-07,1.07230023443e-06,6.82068926029e-06,3.7423878246e-05,0.000177083278015,0.000722393910946,0.00253916202571,0.00768053458474,0.0199371481247,0.0441523565334,0.0825355492328,0.128191142102,0.16248925251,0.165995491462,0.13694865356,0.094558302061,0.0618713813869,0.0391040969962,0.023780436218,0.0138569090346,0.00770218897792,0.00406432337033,0.00202571230341,0.000948408513146,0.000414543531996,0.000167921292536,6.24276662729e-05,2.09944289449e-05,6.23538657141e-06,1.5656138949e-06,3.04689836809e-07
1.2726250103e-10,1.4596719041e-09,1.44507281081e-08,1.2346635693e-07,9.10268578914e-07,5.7900393158e-06,3.17689338588e-05,0.000150326175958,0.000613261966827,0.00215586974256,0.00652431305702,0.0169610177063,0.0377102447872,0.0711405836057,0.112543202217,0.147308546406,0.15798324599,0.138920206367,0.103182382871,0.0729290377801,0.0499515102124,0.0330203368342,0.0209725548447,0.0127363698637,0.0073571017205,0.00402020406168,0.00206610486732,0.000992484551352,0.000442529820576,0.000181601118227,6.77842587931e-05,2.25825035952e-05,6.48837313682e-06,1.49955219515e-06
1.19528382341e-10,1.37096332413e-09,1.35725146111e-08,1.15962941319e-07,8.54948874785e-07,5.4381619756e-06,2.98382583068e-05,0.000141190839734,0.000576000644725,0.00202497539468,0.00612919312234,0.015941833988,0.0354915754956,0.0671622243036,0.106912610536,0.141470925619,0.154254510508,0.138632054855,0.105584568125,0.0766450430695,0.0539864796693,0.0367455520548,0.0240572703998,0.0150740743306,0.00899127310264,0.0050763250326,0.00269665987242,0.00133941062857,0.000617747931112,0.000262397193423,0.000101523008181,3.51648704524e-05,1.05680298337e-05,2.58498048499e-06
1.18796844923e-10,1.36257275655e-09,1.34894481287e-08,1.15253225123e-07,8.49716418997e-07,5.40487939004e-06,2.96556437953e-05,0.000140326764085,0.000572476195533,0.00201259378331,0.00609181072879,0.0158453529101,0.0352812167025,0.0667836073409,0.106372324666,0.140900787132,0.15387333256,0.138575179372,0.105792532085,0.0769908418226,0.0543746229564,0.0371129393107,0.0243682630295,0.0153146917924,0.00916287958169,0.00518941944398,0.00276548853078,0.00137799806027,0.000637600731241,0.000271721302873,0.000105489607225,3.66733834444e-05,1.106803936e-05,2.72170376678e-06
1.20751363676e-10,1.38499064152e-09,1.37113848248e-08,1.1714944202e-07,8.63696473451e-07,5.49380366794e-06,3.01435524733e-05,0.000142635396791,0.000581892782055,0.00204567458758,0.00619168513112,0.0161030995334,0.035843058091,0.0677942986833,0.107812872256,0.142417080385,0.154880569641,0.138715331532,0.10522901101,0.0760643417703,0.0533398391745,0.0361371099615,0.0235449156051,0.0146796158147,0.00871129366663,0.00489267423835,0.00258540657681,0.00127732220782,0.000585947646791,0.000247528645865,9.52264751606e-05,3.27817572118e-05,9.78240237634e-06,2.37160818808e-06
1.26318738408e-10,1.44884716176e-09,1.43435633352e-08,1.22550746054e-07,9.03518143532e-07,5.74710117796e-06,3.15333416002e-05,0.000149211431668,0.000608715182591,0.00213989814878,0.0064761082399,0.0168367347368,0.0374400323341,0.0706575219632,0.111864075841,0.146614630147,0.157557128557,0.13891455269,0.10349405703,0.0733871642568,0.0504364343231,0.0334592353748,0.0213295322733,0.0130022952845,0.00753989423339,0.00413638672783,0.00213433409649,0.00102941175421,0.000460877014293,0.000189922927039,7.12008987073e-05,2.38338109149e-05,6.88575627242e-06,1.60253615074e-06
1.35437805424e-10,1.55344078364e-09,1.5379038488e-08,1.31397797975e-07,9.68743943273e-07,6.16198910513e-06,3.38097405742e-05,0.000159982565295,0.000652647578839,0.00229421243675,0.00694176788153,0.0180366342309,0.040044850914,0.0752971676442,0.118334328926,0.153109735691,0.161352863083,0.138652787388,0.100298171068,0.0689325462381,0.0458522666273,0.0294013216175,0.0180944152575,0.0106376561083,0.0059441130678,0.00314018460973,0.00155952734411,0.000723651927784,0.000311531593119,0.000123325324626,4.43272901714e-05,1.4170681705e-05,3.88030456261e-06,8.43660517229e-07
1.43021826874e-10,1.64042778247e-09,1.62402083591e-08,1.38755593592e-07,1.02299004648e-06,6.50703737584e-06,3.57029426611e-05,0.000168940492435,0.000689183451119,0.0024225323863,0.00732884088362,0.0190328786275,0.0422007999519,0.0791084025328,0.12356071568,0.158162473493,0.163986644416,0.137939884352,0.0973745790944,0.0652179510498,0.0422304550981,0.0263339824438,0.0157465545059,0.00898751180231,0.00487253237992,0.0024961823922,0.00120168072653,0.000540292512315,0.000225253547146,8.62735693016e-05,2.99466084588e-05,9.21224087649e-06,2.41114097445e-06,4.94871870244e-07
1.49774842794e-10,1.71788333712e-09,1.7007017088e-08,1.45307171949e-07,1.07129222919e-06,6.81427754836e-06,3.73886986762e-05,0.000176916822613,0.000721715027736,0.00253677800478,0.00767334673994,0.0199186756161,0.0441125411217,0.0824658463664,0.128097625619,0.162403291696,0.165957950017,0.136971934197,0.0946171234152,0.0619393236081,0.0391663652644,0.0238304595809,0.0138933519588,0.00772660121625,0.00407944316744,0.00203438209458,0.000953006092227,0.00041679208518,0.000168931021711,6.2841173382e-05,2.11471589133e-05,6.28527170593e-06,1.57948673874e-06,3.07726305862e-07
1.6819784231e-10,1.92919094586e-09,1.909895897e-08,1.63180626669e-07,1.20306610047e-06,7.65246360698e-06,4.19876248537e-05,0.000198676930123,0.00081046032458,0.00284838584452,0.0086124517507,0.0223290203198,0.0492895968621,0.0914524236074,0.139925130599,0.17279118689,0.169707320717,0.133004550333,0.0866246919338,0.053310552106,0.0316232241545,0.0180141323689,0.00981541166671,0.0050938537321,0.0025064257802,0.00116360346954,0.000506919599815,0.000205925900504,7.73860054008e-05,2.66063828865e-05,8.22786422303e-06,2.22413238588e-06,4.99124206101e-07,8.4069091551e-08
1.78483764547e-10,2.04716813136e-09,2.02669311827e-08,1.73159727201e-07,1.27663803564e-06,8.12043916857e-06,4.45552898373e-05,0.00021082587525,0.000860005629896,0.00302231934788,0.00913629264537,0.023670775229,0.0521554841055,0.0963600742193,0.146185634256,0.177876349923,0.170868720361,0.130108636538,0.0820137523312,0.0487785382896,0.0279347972651,0.0153484889778,0.00805946751224,0.00402781130269,0.00190732094688,0.000851662339737,0.00035664191134,0.000139154241742,5.0166154699e-05,1.65115264913e-05,4.87018434621e-06,1.24769647251e-06,2.62492364986e-07,4.06764879192e-08
1.77818117899e-10,2.0395333159e-09,2.01913466342e-08,1.72513936318e-07,1.27187687664e-06,8.09015444355e-06,4.43891252237e-05,0.000210039667587,0.000856799402431,0.00301106430203,0.00910240311257,0.0235840314808,0.0519705547151,0.0960448514532,0.145787807409,0.177562129377,0.170812067636,0.130308277769,0.0823132113024,0.0490646040409,0.0281623698314,0.0155095330286,0.00816340738601,0.00408964945683,0.00194137755259,0.000869038651547,0.000364843661636,0.000142723877373,5.15908843125e-05,1.70283780797e-05,5.03805445756e-06,1.29521562334e-06,2.73638589847e-07,4.26349278919e-08
