4.65596605568e-10,5.18889722203e-09,4.62589644267e-08,3.32807509163e-07,2.18183414033e-06,1.42165135598e-05,9.34061559148e-05,0.000525652774501,0.00216637362892,0.00648527021141,0.0150322263897,0.0301499598575,0.0585597438501,0.110897983481,0.181211224568,0.220923315444,0.185940379831,0.109089902829,0.0486486085113,0.0194198270671,0.00717115283599,0.00248604935716,0.00081904797258,0.000257298355359,7.68112586555e-05,2.16056783244e-05,5.65880027169e-06,1.35929327319e-06,2.93490542848e-07,5.5367987018e-08,8.74460712669e-09,1.07922029976e-09,9.29065999056e-11,4.52815817766e-12
4.85537481397e-10,6.08610550983e-09,6.2152671508e-08,5.13996446487e-07,3.3710979695e-06,1.81101351681e-05,9.09645785855e-05,0.000466224183232,0.00227654630946,0.00877487439273,0.024478502536,0.0505599834258,0.0843534696531,0.12611227185,0.172370064379,0.194296032747,0.162108197464,0.0978152732534,0.0457529454784,0.0192453006484,0.00740959704264,0.00262294577951,0.000865285357598,0.00026981625341,7.9793297754e-05,2.22768154401e-05,5.80952968999e-06,1.39331212467e-06,3.00817337634e-07,5.67656765654e-08,8.96815053209e-09,1.10718812405e-09,9.53496855542e-11,4.64910179485e-12
3.2251501362e-10,4.61344182055e-09,5.40213487604e-08,5.07912091159e-07,3.84887936347e-06,2.32908321057e-05,0.000111691358494,0.000455493190074,0.00181569761741,0.00722903681487,0.0246924812103,0.0627837948375,0.115232944259,0.159642699662,0.180714843442,0.173071065997,0.132818465001,0.0777675828991,0.0369210236319,0.0163656364312,0.00666755108862,0.00247487940166,0.000839416245453,0.000262460780926,7.70508708096e-05,2.13033782012e-05,5.51222992895e-06,1.31617783032e-06,2.83753209838e-07,5.35417806674e-08,8.45965977525e-09,1.04453109582e-09,8.99652017378e-11,4.38712229027e-12
2.11843805596e-10,2.65622967715e-09,3.13011969566e-08,3.36775747358e-07,2.95480909447e-06,2.05770940222e-05,0.000113947713031,0.000498168424159,0.00176181615506,0.00564478547962,0.0179211067629,0.0516216688365,0.114896644279,0.182642418342,0.208306534278,0.178295267475,0.120030821955,0.0657608109899,0.0301971906545,0.0132363709441,0.00566184727972,0.00223241356691,0.00079366132408,0.00025709183512,7.58050920806e-05,2.0804003423e-05,5.32869095473e-06,1.26197964309e-06,2.7089135011e-07,5.10509928545e-08,8.06374942118e-09,9.95384178767e-10,8.57106391024e-11,4.1786467324e-12
1.89418328316e-10,2.02935891826e-09,2.0319011838e-08,1.91650108881e-07,1.71720444887e-06,1.37766431079e-05,8.89708419733e-05,0.000450687958518,0.00179130236296,0.005653731289,0.0152362715775,0.0387766263639,0.0907694519219,0.168971378118,0.223841296527,0.205192107911,0.134345704578,0.0669241286788,0.0280762866897,0.0117919577921,0.00494857986798,0.00200043344108,0.00075884451179,0.000257998893843,7.93940170417e-05,2.19233708438e-05,5.57081176864e-06,1.30509516581e-06,2.77840664464e-07,5.21640994713e-08,8.23202975454e-09,1.01563975367e-09,8.7408843008e-11,4.25928271861e-12
2.44937410976e-10,2.27372641447e-09,1.90162441212e-08,1.50824416772e-07,1.13559634986e-06,8.20417297313e-06,5.60909376233e-05,0.000330406854246,0.00153542090456,0.00553352675833,0.0156458288513,0.0363609841985,0.0754341516808,0.140332725665,0.208478700197,0.220614901957,0.160082240213,0.0822023011258,0.0329523988807,0.0125206077215,0.00485403027521,0.00192756671909,0.000742680318479,0.00026616040054,8.64886874538e-05,2.50095191892e-05,6.39917783878e-06,1.48558081711e-06,3.12607634052e-07,5.82407700118e-08,9.16699642124e-09,1.13015383034e-09,9.71955931139e-11,4.73254220467e-12
2.59554189979e-10,2.90796476071e-09,2.53040774547e-08,1.74141554672e-07,1.07840683158e-06,6.42911359456e-06,3.71910998009e-05,0.00020896112756,0.00107399773532,0.00452160521977,0.0147393265359,0.0371468378912,0.074782786613,0.127239258951,0.185057486519,0.211889256565,0.174458252431,0.100683829588,0.0430350820459,0.0161326846277,0.00575225882896,0.00206210055934,0.000761348455006,0.000277146683343,9.39214569689e-05,2.88791982104e-05,7.80058651654e-06,1.81708540189e-06,3.78115352122e-07,6.95992508595e-08,1.08873849248e-08,1.34027020961e-09,1.15170636389e-10,5.60300332519e-12
1.63123939169e-10,2.36013462439e-09,2.62848296272e-08,2.19376028824e-07,1.40038224261e-06,7.16399699388e-06,3.34723262424e-05,0.000153830859169,0.000701218678144,0.00304124313395,0.0112925044995,0.0328952659314,0.0732355093854,0.12669362218,0.176328489986,0.199325195207,0.174991082281,0.112882547388,0.0542450326089,0.0221543989876,0.00797163311312,0.00269131312236,0.000899133005253,0.000305716634859,0.000104200996282,3.32420391635e-05,9.56627203575e-06,2.37208563163e-06,4.91789280958e-07,8.9274011976e-08,1.38066707868e-08,1.69312651848e-09,1.4532914818e-10,7.06233453107e-12
1.05541295948e-10,1.3519791868e-09,1.63285946706e-08,1.76921288754e-07,1.46094598432e-06,8.89831543936e-06,4.12974479885e-05,0.000158422735215,0.000574818015567,0.00210646628695,0.00757316871852,0.024169276551,0.0616229711728,0.119256833564,0.175109280628,0.199367767478,0.177371259465,0.12139014607,0.0644875239874,0.0292976701071,0.0115538605269,0.00404309175982,0.00128486634482,0.000399527238849,0.000125771667085,3.95706180386e-05,1.18507328368e-05,3.16709874718e-06,6.91852633868e-07,1.24502935596e-07,1.89497065371e-08,2.30403873652e-09,1.97389979815e-10,9.57849319749e-12
1.04305235255e-10,1.08408270012e-09,1.07912547771e-08,1.04035815481e-07,9.55112480565e-07,7.58984936588e-06,4.50889258526e-05,0.000196508578603,0.000664136091033,0.00196279327046,0.00574897686512,0.0169285620315,0.045494891245,0.0993404817279,0.164435124343,0.202682751749,0.188189894528,0.135089186082,0.0761847412276,0.0374241522979,0.0164114913068,0.0062255298121,0.00208112892362,0.000632764783203,0.00018013623132,5.21558034673e-05,1.53753644985e-05,4.22108217222e-06,1.02502035627e-06,1.8960253077e-07,2.84207353315e-08,3.40463807484e-09,2.90431615026e-10,1.4069782994e-11
1.51383966424e-10,1.38032958172e-09,1.11424170363e-08,8.56561043794e-08,6.42571566027e-07,4.75181256948e-06,3.29417762932e-05,0.000186509319136,0.000774580942054,0.00239464538618,0.00605781056502,0.0144022544226,0.0344403761917,0.0767608901462,0.14048317189,0.194754612341,0.199961836116,0.153342031412,0.0914369869863,0.0481450448827,0.0225909151164,0.00930880832044,0.00341209647013,0.00108593333338,0.000312079605573,8.18749166711e-05,2.14082096061e-05,5.83822367205e-06,1.49891689013e-06,3.09691742221e-07,4.61965226963e-08,5.42656071014e-09,4.58667818737e-10,2.21743013946e-11
1.47408786101e-10,1.81134285115e-09,1.66317723602e-08,1.12842507953e-07,6.72879882316e-07,3.89963201452e-06,2.26322203471e-05,0.000129582176632,0.00065703397967,0.00256032007474,0.00734063897597,0.0164244369466,0.0326112622576,0.0633559071076,0.115077147586,0.173083044018,0.198443640979,0.16807645365,0.109041580507,0.0612195326303,0.030488786895,0.0135511270742,0.00532507027827,0.00183198334912,0.000558948013359,0.000149441854361,3.54628045887e-05,8.54535395533e-06,2.14034891872e-06,4.87856628454e-07,7.91792044698e-08,9.14156669727e-09,7.60048353017e-10,3.66252526972e-11
1.20165277159e-10,1.49767484854e-09,1.63903450986e-08,1.4929230459e-07,1.00453367556e-06,5.06242577692e-06,2.27767481561e-05,0.000102629127533,0.000471615348953,0.00203921477284,0.00718522986428,0.018922518915,0.0380007791534,0.0643502284289,0.101984594057,0.14903809019,0.181027950019,0.169671631217,0.121764998249,0.0744173075285,0.0399323322493,0.0189055702047,0.00792130057169,0.00292673031187,0.000950000457859,0.000272751152305,6.73092587964e-05,1.42021397476e-05,3.12027761219e-06,7.29962618344e-07,1.38268716423e-07,1.59096972751e-08,1.29248507875e-09,6.18682458602e-11
1.44955055435e-10,1.44477079403e-09,1.36446468707e-08,1.26567855649e-07,1.03504062865e-06,6.81864486337e-06,3.29604867739e-05,0.000123986552306,0.0004354273872,0.00158006244126,0.0056548740345,0.0173787032714,0.0410197113465,0.0732794061113,0.106572479856,0.138281012094,0.161205657677,0.157419355823,0.122691164208,0.0830379367505,0.0486740602384,0.0249126970467,0.0111599717225,0.00438688757114,0.00152691801425,0.000461613939429,0.000123395090216,2.74058599275e-05,5.03435116961e-06,1.03928778163e-06,2.13088434828e-07,2.79400872616e-08,2.21820325163e-09,1.04770004773e-10
1.54970586032e-10,1.80881093511e-09,1.67407177355e-08,1.24657962283e-07,8.83279566002e-07,6.1275270528e-06,3.67461460396e-05,0.000170865010384,0.000589996207884,0.00170321692468,0.00486868511677,0.0141309447997,0.0367220764632,0.0753851183687,0.117337375887,0.144711412641,0.153080861408,0.143286692758,0.115435100642,0.0839976734866,0.0540996969781,0.0302981799672,0.0146330270171,0.00620257703533,0.0022946745255,0.000736336817011,0.000209329861493,5.08143669478e-05,9.51208018842e-06,1.56891310513e-06,3.09726329106e-07,4.86791980021e-08,3.82745901595e-09,1.76743856873e-10
1.35984788876e-10,1.70956349692e-09,1.81015948272e-08,1.5703216076e-07,1.07205814768e-06,6.03479859537e-06,3.27556850774e-05,0.00016896887899,0.000721117760472,0.00232960628669,0.00590835499795,0.013676002778,0.0317845528784,0.0680424915892,0.117402185418,0.154409849146,0.159330855332,0.13828292848,0.107323974176,0.0804204146796,0.0556848163239,0.0337108264876,0.0178280777593,0.00815594545412,0.00322201441455,0.0011166912886,0.0003326342419,8.56357697788e-05,1.87442178995e-05,2.75898838315e-06,4.30417531882e-07,7.57561546278e-08,6.65837339427e-09,2.98465747262e-10
1.36638593332e-10,1.56075860861e-09,1.61822583219e-08,1.51819517326e-07,1.19710528265e-06,7.60297648722e-06,3.81422832381e-05,0.000165127036712,0.000690301999922,0.00257813190622,0.0076111174997,0.0173672881245,0.0338566635125,0.0631292889459,0.108537558203,0.152466250111,0.165247269106,0.141808258666,0.104549848051,0.0763012218411,0.0540391633884,0.0350591194403,0.0201092617228,0.00992425882195,0.004254021075,0.0015833482069,0.000500252784636,0.000136517565527,3.21776026971e-05,5.64703044797e-06,6.78170211683e-07,1.05018733787e-07,1.15984647107e-08,5.06222948127e-10
1.47870218282e-10,1.68733821951e-09,1.65702526417e-08,1.41521354019e-07,1.10149435487e-06,7.68162794811e-06,4.44187918958e-05,0.000204140630131,0.000761662741299,0.00257171443232,0.00804500291253,0.0209792453636,0.0427095836915,0.0711221610235,0.106487498295,0.143555396294,0.160295528742,0.141260752365,0.103427678364,0.0732384439527,0.0510431341808,0.0342400608718,0.0207485484096,0.0110813478281,0.00515148074393,0.00205113863138,0.000705151401144,0.000205815487409,4.9562939548e-05,1.01706549907e-05,1.25087613123e-06,1.46854725212e-07,1.96220137527e-08,8.50502359369e-10
1.58401427626e-10,1.81597717554e-09,1.79303651956e-08,1.5234069328e-07,1.11464803703e-06,7.17636771089e-06,4.21190711845e-05,0.000216057291738,0.000900295181051,0.00299917630735,0.00851389323763,0.0219244394246,0.0485876341735,0.0855798078314,0.120267189727,0.143910147755,0.149972519789,0.131558291773,0.097499857904,0.0687414439104,0.0473038633548,0.031686076482,0.0198065727181,0.011238252444,0.00557255356228,0.00240221621457,0.000897522667852,0.000281015841404,7.22563311773e-05,1.56371490552e-05,2.46582967527e-06,2.0383267624e-07,2.55438381427e-08,1.39077438853e-09
1.65248151691e-10,1.89531367891e-09,1.8761417461e-08,1.60190343946e-07,1.17730377341e-06,7.44164294583e-06,4.0761763807e-05,0.000199356365585,0.000875987172643,0.00324405931084,0.009662158205,0.0236798215257,0.0505093489567,0.0924509346027,0.135687696494,0.156448123384,0.147856048623,0.121140557209,0.0876747626329,0.0616507906325,0.0425613961623,0.0283318167456,0.0179273837803,0.0104989829236,0.00551720150185,0.00254488540459,0.0010164999988,0.000347772207757,9.8703173632e-05,2.17883050267e-05,3.96684642468e-06,3.62376120192e-07,3.15271263836e-08,2.20876646176e-09
