year,logF,logR
1995,-0.361008035068,0.357775235314
1996,-0.349607356516,-0.483180865409
1997,-0.330732088381,-0.507912024095
1998,-0.306696984781,-0.550570933303
1999,-0.284078949493,-0.124251647181
2000,-0.290095582192,0.451034763767
2001,-0.344447637502,0.539572636022
2002,-0.432858525082,-0.0297942521634
2003,-0.492883872933,-0.00253083033359
2004,-0.436751568278,0.402353350569
2005,-0.186796464781,0.465195242384
2006,-0.16782731945,0.289786714839
2007,-0.441314398271,-0.21526079224
2008,-0.601422385182,-0.408369820366
2009,-0.76785764074,-0.281169741096
2010,-0.820378034318,0.221759736713
2011,-0.923323924296,0.300656666509
2012,-1.17984517272,-0.245887984916
2013,-1.46731948691,-0.49312069768
2014,-1.78519166286,-0.297112674106
2015,-1.92016443663,0.275529329751
2016,-1.933880047,0.0924463641808
2017,-1.89762918813,-0.128934902622
2018,-1.80076079553,0.230975272493
2019,-1.65917591594,0.187004897793
2020,-1.55436357725,-0.0342436652238
2021,-1.46902932805,-0.0115492679889
2022,-1.26593045718,-0.00048642205361
2023,-1.16730270168,-2.96035302208e-05
2024,-1.1734192261,0
