year,spr,bb0,F
2005,0.21285894,0.15239123,0.70788762
2006,0.23604605,0.15793393,0.57687151
2007,0.23596056,0.16403674,0.57728002
2008,0.24865033,0.16884035,0.52144871
2009,0.26729519,0.17448434,0.45407199
2010,0.33148415,0.18476131,0.30386326
2011,0.30485756,0.19495497,0.35481697
2012,0.33104047,0.20271851,0.30461608
2013,0.39584523,0.21501319,0.21854418
2014,0.42608287,0.23090088,0.18999788
2015,0.41757238,0.24554003,0.197493
2016,0.48749898,0.26126397,0.14540479
2017,0.41575589,0.27454825,0.19914395
2018,0.44865378,0.28450275,0.17184834
2019,0.46438235,0.29632818,0.16048959
2020,0.43395043,0.30593361,0.18340081
2021,0.45636468,0.31443548,0.166159
2022,0.44913101,0.32332665,0.17148918
2023,0.46208344,0.33200891,0.16209048
2024,0.45418353,0.34027135,0.16774407
